id_transaccion,id_cliente_origen,id_cliente_destino,tipo_transaccion,monto,fecha_hora,etiqueta_lavado,nombre_cliente,ocupacion,cluster_comportamiento,sospechoso_ml
TX-0029796,CLI-04590,SISTEMA,DEPOSITO_EFECTIVO,17543.53,2026-05-13 14:01:22,0,Citlali Rosalia Ojeda Romo,Empresario / Comerciante,4,1
TX-0029851,CLI-04599,SISTEMA,DEPOSITO_EFECTIVO,30222.93,2026-05-13 17:56:22,0,Srita. Arcelia Barrientos,Empresario / Comerciante,4,1
TX-0012827,CLI-01982,SISTEMA,DEPOSITO_EFECTIVO,31475.54,2026-05-13 19:02:22,0,Guadalupe Bravo Barrera,Empresario / Comerciante,4,1
TX-0026492,CLI-04078,SISTEMA,DEPOSITO_EFECTIVO,20330.96,2026-05-13 20:05:22,0,Abel Villarreal Zarate,Empresario / Comerciante,4,1
TX-0001068,CLI-00162,SISTEMA,DEPOSITO_EFECTIVO,15885.34,2026-05-13 20:32:22,0,Jerónimo Ramón Chavarría Rentería,Profesionista Independiente,4,1
TX-0015800,CLI-02444,SISTEMA,DEPOSITO_EFECTIVO,35809.69,2026-05-13 20:49:22,0,Ing. Socorro Ordóñez,Empresario / Comerciante,4,1
TX-0015351,CLI-02380,SISTEMA,DEPOSITO_EFECTIVO,11255.15,2026-05-13 21:14:22,0,Luis Malave,Empresario / Comerciante,4,1
TX-0030855,CLI-04749,SISTEMA,DEPOSITO_EFECTIVO,20045.58,2026-05-13 21:18:22,0,Margarita Peña,Empresario / Comerciante,4,1
TX-0014852,CLI-02305,SISTEMA,DEPOSITO_EFECTIVO,5796.72,2026-05-13 21:22:22,0,Darío Lozada,Empresario / Comerciante,4,1
TX-0008843,CLI-01358,SISTEMA,DEPOSITO_EFECTIVO,15699.31,2026-05-13 22:01:22,0,Srita. Elena Parra,Empresario / Comerciante,4,1
TX-0005488,CLI-00842,SISTEMA,DEPOSITO_EFECTIVO,42412.1,2026-05-13 23:43:22,0,Héctor Leonardo Cepeda,Empresario / Comerciante,4,1
TX-0030684,CLI-04723,SISTEMA,DEPOSITO_EFECTIVO,6404.33,2026-05-14 00:27:22,0,Sr. Isaac Manzanares,Empresario / Comerciante,4,1
TX-0025285,CLI-03902,SISTEMA,DEPOSITO_EFECTIVO,24367.08,2026-05-14 01:43:22,0,Antonia Débora Zayas Ríos,Empresario / Comerciante,4,1
TX-0016394,CLI-02540,SISTEMA,DEPOSITO_EFECTIVO,29143.92,2026-05-14 02:50:22,0,Eloy Ángel Garrido,Empresario / Comerciante,4,1
TX-0020684,CLI-03203,SISTEMA,DEPOSITO_EFECTIVO,3372.73,2026-05-14 04:05:22,0,Pascual Quintana Noriega,Empresario / Comerciante,4,1
TX-0011765,CLI-01815,SISTEMA,DEPOSITO_EFECTIVO,9325.18,2026-05-14 05:22:22,0,Hermelinda Zamudio,Empresario / Comerciante,4,1
TX-0000202,CLI-00030,SISTEMA,DEPOSITO_EFECTIVO,5101.33,2026-05-14 05:47:22,0,Fabiola Graciela Ramón Mares,Empresario / Comerciante,4,1
TX-0030824,CLI-04743,SISTEMA,DEPOSITO_EFECTIVO,22775.43,2026-05-14 06:18:22,0,José María Maya Melgar,Empresario / Comerciante,4,1
TX-0024489,CLI-03780,SISTEMA,DEPOSITO_EFECTIVO,14643.23,2026-05-14 07:52:22,0,Lic. Timoteo Benítez,Empresario / Comerciante,4,1
TX-0006822,CLI-01052,SISTEMA,DEPOSITO_EFECTIVO,25670.81,2026-05-14 07:53:22,0,Ruby Alba,Empresario / Comerciante,4,1
TX-0007247,CLI-01120,SISTEMA,DEPOSITO_EFECTIVO,7146.26,2026-05-14 08:21:22,0,Ignacio Rivero,Empresario / Comerciante,4,1
TX-0023140,CLI-03576,SISTEMA,DEPOSITO_EFECTIVO,16800.87,2026-05-14 10:42:22,0,Rebeca Guzmán Tamayo,Empresario / Comerciante,4,1
TX-0015354,CLI-02380,SISTEMA,DEPOSITO_EFECTIVO,1194.33,2026-05-14 11:14:22,0,Luis Malave,Empresario / Comerciante,4,1
TX-0023206,CLI-03585,SISTEMA,DEPOSITO_EFECTIVO,7829.93,2026-05-14 13:13:22,0,Victoria Nelly Sevilla,Empresario / Comerciante,4,1
TX-0021913,CLI-03386,SISTEMA,DEPOSITO_EFECTIVO,17355.47,2026-05-14 13:14:22,0,Amelia Yolanda Paredes Tapia,Empresario / Comerciante,4,1
TX-0011196,CLI-01724,SISTEMA,DEPOSITO_EFECTIVO,13945.35,2026-05-14 14:16:22,0,Timoteo Lucas Hernández Aragón,Empresario / Comerciante,4,1
TX-0013030,CLI-02016,SISTEMA,DEPOSITO_EFECTIVO,21953.74,2026-05-14 16:54:22,0,Lic. Germán Herrera,Empresario / Comerciante,4,1
TX-0022169,CLI-03428,SISTEMA,DEPOSITO_EFECTIVO,28873.1,2026-05-14 20:47:22,0,Adela Terrazas,Empresario / Comerciante,4,1
TX-0018998,CLI-02938,SISTEMA,DEPOSITO_EFECTIVO,18797.34,2026-05-15 01:31:22,0,Cynthia Micaela Márquez Ruelas,Empresario / Comerciante,4,1
TX-0019891,CLI-03083,SISTEMA,DEPOSITO_EFECTIVO,23885.23,2026-05-15 01:57:22,0,Alvaro Octavio Quesada Valdez,Empresario / Comerciante,4,1
TX-0003230,CLI-00489,SISTEMA,DEPOSITO_EFECTIVO,7742.95,2026-05-15 03:51:22,0,Olga Santillán,Empresario / Comerciante,4,1
TX-0027337,CLI-04216,SISTEMA,DEPOSITO_EFECTIVO,18833.94,2026-05-15 04:09:22,0,Jacobo Francisco Valles,Empresario / Comerciante,4,1
TX-0005410,CLI-00832,SISTEMA,DEPOSITO_EFECTIVO,7604.15,2026-05-15 04:29:22,0,Germán Casas Viera,Empresario / Comerciante,4,1
TX-0020646,CLI-03197,SISTEMA,DEPOSITO_EFECTIVO,5491.61,2026-05-15 05:28:22,0,Lic. Ana Mondragón,Empresario / Comerciante,4,1
TX-0016848,CLI-02610,SISTEMA,DEPOSITO_EFECTIVO,33044.67,2026-05-15 05:57:22,0,Wilfrido Amador Vigil,Empresario / Comerciante,4,1
TX-0027421,CLI-04228,SISTEMA,DEPOSITO_EFECTIVO,7682.52,2026-05-15 07:09:22,0,Rosario Wendolin Valenzuela Mojica,Profesionista Independiente,4,1
TX-0023062,CLI-03563,SISTEMA,DEPOSITO_EFECTIVO,6130.33,2026-05-15 07:21:22,0,Reynaldo Claudio Montero Vargas,Empresario / Comerciante,4,1
TX-0000392,CLI-00060,SISTEMA,DEPOSITO_EFECTIVO,16993.19,2026-05-15 07:30:22,0,Trinidad Díaz Laureano,Empresario / Comerciante,4,1
TX-0026865,CLI-04139,SISTEMA,DEPOSITO_EFECTIVO,2488.57,2026-05-15 08:15:22,0,Ing. Gerardo Alejandro,Empresario / Comerciante,4,1
TX-0024377,CLI-03763,SISTEMA,DEPOSITO_EFECTIVO,9463.19,2026-05-15 08:32:22,0,Mariano Munguía Valle,Empresario / Comerciante,4,1
TX-0011629,CLI-01793,SISTEMA,DEPOSITO_EFECTIVO,10775.76,2026-05-15 09:31:22,0,José Manuél Gilberto Melgar Barela,Empresario / Comerciante,4,1
TX-0002254,CLI-00341,SISTEMA,DEPOSITO_EFECTIVO,1964.82,2026-05-15 10:33:22,0,Alvaro Marcos Ramos,Empresario / Comerciante,4,1
TX-0005159,CLI-00796,SISTEMA,DEPOSITO_EFECTIVO,5720.24,2026-05-15 14:21:22,0,María Luisa Amelia Zambrano,Empresario / Comerciante,4,1
TX-0010573,CLI-01625,SISTEMA,DEPOSITO_EFECTIVO,19420.19,2026-05-15 14:55:22,0,Antonia Nadia Verduzco,Empresario / Comerciante,4,1
TX-0023027,CLI-03558,SISTEMA,DEPOSITO_EFECTIVO,13263.28,2026-05-15 18:30:22,0,José Manuél Romo,Empresario / Comerciante,4,1
TX-0024062,CLI-03715,SISTEMA,DEPOSITO_EFECTIVO,23116.51,2026-05-15 20:28:22,0,María Cristina Llamas Gallegos,Empresario / Comerciante,4,1
TX-0027294,CLI-04209,SISTEMA,DEPOSITO_EFECTIVO,7737.48,2026-05-15 20:41:22,0,Luis Manuel Ortega Barreto,Empresario / Comerciante,4,1
TX-0014592,CLI-02263,SISTEMA,DEPOSITO_EFECTIVO,8077.98,2026-05-15 22:54:22,0,Jerónimo Holguín,Empresario / Comerciante,4,1
TX-0011621,CLI-01792,SISTEMA,DEPOSITO_EFECTIVO,19783.14,2026-05-16 00:08:22,0,Ing. Esperanza Prieto,Empresario / Comerciante,4,1
TX-0011834,CLI-01824,SISTEMA,DEPOSITO_EFECTIVO,32749.21,2026-05-16 02:08:22,0,Paulina Montoya,Empresario / Comerciante,4,1
TX-0028622,CLI-04405,SISTEMA,DEPOSITO_EFECTIVO,1434.75,2026-05-16 02:29:22,0,Wendolin Camila Calvillo Muñoz,Empresario / Comerciante,4,1
TX-0012592,CLI-01943,SISTEMA,DEPOSITO_EFECTIVO,10162.66,2026-05-16 05:38:22,0,Eugenia Dulce Burgos Otero,Empresario / Comerciante,4,1
TX-0014566,CLI-02259,SISTEMA,DEPOSITO_EFECTIVO,16870.01,2026-05-16 06:40:22,0,Ing. Julia Patiño,Profesionista Independiente,4,1
TX-0006102,CLI-00940,SISTEMA,DEPOSITO_EFECTIVO,19236.99,2026-05-16 06:43:22,0,Ing. Eugenio Leiva,Empresario / Comerciante,4,1
TX-0021914,CLI-03386,SISTEMA,DEPOSITO_EFECTIVO,8257.69,2026-05-16 08:36:22,0,Amelia Yolanda Paredes Tapia,Empresario / Comerciante,4,1
TX-0030515,CLI-04695,SISTEMA,DEPOSITO_EFECTIVO,18122.56,2026-05-16 09:25:22,0,Isabel Osorio Villanueva,Empresario / Comerciante,4,1
TX-0010073,CLI-01547,SISTEMA,DEPOSITO_EFECTIVO,14888.28,2026-05-16 16:02:22,0,Ángel Alcaraz Valdés,Profesionista Independiente,4,1
TX-0026687,CLI-04108,SISTEMA,DEPOSITO_EFECTIVO,6046.27,2026-05-16 16:59:22,0,Sra. Marisela Mares,Empresario / Comerciante,4,1
TX-0012589,CLI-01943,SISTEMA,DEPOSITO_EFECTIVO,28519.99,2026-05-16 17:02:22,0,Eugenia Dulce Burgos Otero,Empresario / Comerciante,4,1
TX-0002787,CLI-00422,SISTEMA,DEPOSITO_EFECTIVO,4087.57,2026-05-16 17:12:22,0,Teresa Patiño Sierra,Empresario / Comerciante,4,1
TX-0023856,CLI-03687,SISTEMA,DEPOSITO_EFECTIVO,21047.76,2026-05-16 18:59:22,0,Omar Modesto Badillo León,Empresario / Comerciante,4,1
TX-0010846,CLI-01671,SISTEMA,DEPOSITO_EFECTIVO,12347.46,2026-05-16 19:21:22,0,Srita. Dalia Patiño,Empresario / Comerciante,4,1
TX-0015547,CLI-02407,SISTEMA,DEPOSITO_EFECTIVO,16369.56,2026-05-16 19:23:22,0,Diana Rosales,Empresario / Comerciante,4,1
TX-0019303,CLI-02990,SISTEMA,DEPOSITO_EFECTIVO,26098.23,2026-05-16 19:46:22,0,Genaro Esteban Hernádez,Empresario / Comerciante,4,1
TX-0025841,CLI-03986,SISTEMA,DEPOSITO_EFECTIVO,14107.78,2026-05-16 22:28:22,0,Noelia Micaela Rosario,Empresario / Comerciante,4,1
TX-0016786,CLI-02601,SISTEMA,DEPOSITO_EFECTIVO,32269.1,2026-05-17 00:32:22,0,Eloisa Rosa Villaseñor Prado,Empresario / Comerciante,4,1
TX-0021524,CLI-03328,SISTEMA,DEPOSITO_EFECTIVO,24566.68,2026-05-17 03:14:22,0,Cristobal Jorge Quezada,Empresario / Comerciante,4,1
TX-0017016,CLI-02636,SISTEMA,DEPOSITO_EFECTIVO,19362.24,2026-05-17 03:40:22,0,José Luis Fernando Feliciano Puga,Empresario / Comerciante,4,1
TX-0020031,CLI-03105,SISTEMA,DEPOSITO_EFECTIVO,27133.51,2026-05-17 04:04:22,0,Evelio Pascual Sandoval Trejo,Empresario / Comerciante,4,1
TX-0002340,CLI-00356,SISTEMA,DEPOSITO_EFECTIVO,18108.04,2026-05-17 05:12:22,0,María Eugenia Mitzy Samaniego,Empresario / Comerciante,4,1
TX-0008845,CLI-01358,SISTEMA,DEPOSITO_EFECTIVO,34329.13,2026-05-17 06:24:22,0,Srita. Elena Parra,Empresario / Comerciante,4,1
TX-0019966,CLI-03096,SISTEMA,DEPOSITO_EFECTIVO,4803.75,2026-05-17 11:11:22,0,Srita. Abril Peres,Empresario / Comerciante,4,1
TX-0024378,CLI-03763,SISTEMA,DEPOSITO_EFECTIVO,16528.92,2026-05-17 12:11:22,0,Mariano Munguía Valle,Empresario / Comerciante,4,1
TX-0024810,CLI-03831,SISTEMA,DEPOSITO_EFECTIVO,15916.12,2026-05-17 14:26:22,0,Sr. Leonardo Pedroza,Empresario / Comerciante,4,1
TX-0011868,CLI-01828,SISTEMA,DEPOSITO_EFECTIVO,29782.58,2026-05-17 16:42:22,0,José Carlos Alberto Loera,Empresario / Comerciante,4,1
TX-0022505,CLI-03477,SISTEMA,DEPOSITO_EFECTIVO,32840.55,2026-05-17 18:02:22,0,Esperanza Zaragoza Mayorga,Empresario / Comerciante,4,1
TX-0009197,CLI-01413,SISTEMA,DEPOSITO_EFECTIVO,4281.23,2026-05-17 18:07:22,0,Elvira Natalia Guerra Orellana,Empresario / Comerciante,4,1
TX-0023207,CLI-03585,SISTEMA,DEPOSITO_EFECTIVO,11810.09,2026-05-17 18:47:22,0,Victoria Nelly Sevilla,Empresario / Comerciante,4,1
TX-0024959,CLI-03852,SISTEMA,DEPOSITO_EFECTIVO,6360.13,2026-05-17 21:17:22,0,Sr. Miguel Ángel Valentín,Empresario / Comerciante,4,1
TX-0022760,CLI-03518,SISTEMA,DEPOSITO_EFECTIVO,19455.36,2026-05-17 22:16:22,0,Ana María Mónica Cuellar,Empresario / Comerciante,4,1
TX-0011754,CLI-01814,SISTEMA,DEPOSITO_EFECTIVO,7275.92,2026-05-17 23:36:22,0,Abril Gurule,Empresario / Comerciante,4,1
TX-0000206,CLI-00030,SISTEMA,DEPOSITO_EFECTIVO,7796.64,2026-05-18 00:33:22,0,Fabiola Graciela Ramón Mares,Empresario / Comerciante,4,1
TX-0017838,CLI-02761,SISTEMA,DEPOSITO_EFECTIVO,6822.57,2026-05-18 01:10:22,0,Silvia Estrada Esquivel,Empresario / Comerciante,4,1
TX-0006826,CLI-01052,SISTEMA,DEPOSITO_EFECTIVO,2382.5,2026-05-18 02:11:22,0,Ruby Alba,Empresario / Comerciante,4,1
TX-0018708,CLI-02894,SISTEMA,DEPOSITO_EFECTIVO,14780.72,2026-05-18 03:34:22,0,Rubén Casillas Uribe,Empresario / Comerciante,4,1
TX-0003694,CLI-00558,SISTEMA,DEPOSITO_EFECTIVO,19589.0,2026-05-18 03:52:22,0,Alberto Óliver Vigil,Empresario / Comerciante,4,1
TX-0017216,CLI-02668,SISTEMA,DEPOSITO_EFECTIVO,2822.54,2026-05-18 04:21:22,0,Rolando Gamez,Empresario / Comerciante,4,1
TX-0018063,CLI-02795,SISTEMA,DEPOSITO_EFECTIVO,36908.05,2026-05-18 05:22:22,0,Mauro Jos Nava,Empresario / Comerciante,4,1
TX-0002549,CLI-00385,SISTEMA,DEPOSITO_EFECTIVO,30704.6,2026-05-18 06:08:22,0,Ruby Noriega Zambrano,Empresario / Comerciante,4,1
TX-0000343,CLI-00052,SISTEMA,DEPOSITO_EFECTIVO,45620.46,2026-05-18 07:45:22,0,Marcela Nájera,Empresario / Comerciante,4,1
TX-0030176,CLI-04649,SISTEMA,DEPOSITO_EFECTIVO,9574.93,2026-05-18 07:53:22,0,Manuel Esquivel Laboy,Empresario / Comerciante,4,1
TX-0023290,CLI-03598,SISTEMA,DEPOSITO_EFECTIVO,19635.69,2026-05-18 10:33:22,0,Zoé Casas Covarrubias,Empresario / Comerciante,4,1
TX-0020573,CLI-03188,SISTEMA,DEPOSITO_EFECTIVO,11473.36,2026-05-18 11:27:22,0,Bernardo Arriaga Sáenz,Empresario / Comerciante,4,1
TX-0018118,CLI-02803,SISTEMA,DEPOSITO_EFECTIVO,4902.89,2026-05-18 17:15:22,0,Virginia Varela,Empresario / Comerciante,4,1
TX-0009254,CLI-01422,SISTEMA,DEPOSITO_EFECTIVO,39811.42,2026-05-18 17:21:22,0,Olga Alarcón,Empresario / Comerciante,4,1
TX-0017217,CLI-02668,SISTEMA,DEPOSITO_EFECTIVO,13941.61,2026-05-18 18:27:22,0,Rolando Gamez,Empresario / Comerciante,4,1
TX-0011862,CLI-01828,SISTEMA,DEPOSITO_EFECTIVO,6047.44,2026-05-18 18:28:22,0,José Carlos Alberto Loera,Empresario / Comerciante,4,1
TX-0021911,CLI-03386,SISTEMA,DEPOSITO_EFECTIVO,23255.6,2026-05-18 22:07:22,0,Amelia Yolanda Paredes Tapia,Empresario / Comerciante,4,1
TX-0028637,CLI-04408,SISTEMA,DEPOSITO_EFECTIVO,2250.39,2026-05-18 23:51:22,0,Israel Mondragón,Empresario / Comerciante,4,1
TX-0018406,CLI-02849,SISTEMA,DEPOSITO_EFECTIVO,35078.34,2026-05-19 01:12:22,0,Cornelio Cristobal Marroquín Serrano,Empresario / Comerciante,4,1
TX-0020166,CLI-03127,SISTEMA,DEPOSITO_EFECTIVO,16608.19,2026-05-19 02:21:22,0,Dr. Martín Sanabria,Empresario / Comerciante,4,1
TX-0020576,CLI-03188,SISTEMA,DEPOSITO_EFECTIVO,812.7,2026-05-19 02:28:22,0,Bernardo Arriaga Sáenz,Empresario / Comerciante,4,1
TX-0013678,CLI-02120,SISTEMA,DEPOSITO_EFECTIVO,20846.77,2026-05-19 07:18:22,0,Socorro Irizarry,Empresario / Comerciante,4,1
TX-0016338,CLI-02529,SISTEMA,DEPOSITO_EFECTIVO,2284.4,2026-05-19 07:42:22,0,Dr. Humberto Meza,Empresario / Comerciante,4,1
TX-0014591,CLI-02263,SISTEMA,DEPOSITO_EFECTIVO,21964.69,2026-05-19 08:37:22,0,Jerónimo Holguín,Empresario / Comerciante,4,1
TX-0025287,CLI-03902,SISTEMA,DEPOSITO_EFECTIVO,12712.76,2026-05-19 08:56:22,0,Antonia Débora Zayas Ríos,Empresario / Comerciante,4,1
TX-0008348,CLI-01285,SISTEMA,DEPOSITO_EFECTIVO,29030.92,2026-05-19 09:26:22,0,Lic. Miguel Ángel Mota,Empresario / Comerciante,4,1
TX-0018512,CLI-02863,SISTEMA,DEPOSITO_EFECTIVO,22913.92,2026-05-19 11:07:22,0,René Salgado Amaya,Empresario / Comerciante,4,1
TX-0009800,CLI-01504,SISTEMA,DEPOSITO_EFECTIVO,20082.46,2026-05-19 11:38:22,0,Aurelio Tomás Hernández,Empresario / Comerciante,4,1
TX-0027772,CLI-04278,SISTEMA,DEPOSITO_EFECTIVO,17705.0,2026-05-19 13:45:22,0,Sr. Daniel Armas,Empresario / Comerciante,4,1
TX-0026821,CLI-04131,SISTEMA,DEPOSITO_EFECTIVO,34807.43,2026-05-19 13:53:22,0,Pablo Luis Miguel Mena,Empresario / Comerciante,4,1
TX-0021974,CLI-03395,SISTEMA,DEPOSITO_EFECTIVO,23602.52,2026-05-19 16:00:22,0,Eduardo Samuel Orozco,Empresario / Comerciante,4,1
TX-0015938,CLI-02467,SISTEMA,DEPOSITO_EFECTIVO,425.4,2026-05-19 17:31:22,0,Aldo Valdez,Empresario / Comerciante,4,1
TX-0031509,CLI-04847,SISTEMA,DEPOSITO_EFECTIVO,4289.86,2026-05-19 17:46:22,0,Santiago Miguel Ángel Dávila,Empresario / Comerciante,4,1
TX-0001937,CLI-00290,SISTEMA,DEPOSITO_EFECTIVO,10240.93,2026-05-19 19:51:22,0,Homero Modesto Concepción Morales,Empresario / Comerciante,4,1
TX-0006101,CLI-00940,SISTEMA,DEPOSITO_EFECTIVO,25021.59,2026-05-19 23:33:22,0,Ing. Eugenio Leiva,Empresario / Comerciante,4,1
TX-0028616,CLI-04405,SISTEMA,DEPOSITO_EFECTIVO,17178.37,2026-05-20 02:21:22,0,Wendolin Camila Calvillo Muñoz,Empresario / Comerciante,4,1
TX-0009584,CLI-01474,SISTEMA,DEPOSITO_EFECTIVO,9259.66,2026-05-20 02:55:22,0,Ana Luisa Loera Valverde,Empresario / Comerciante,4,1
TX-0025920,CLI-03998,SISTEMA,DEPOSITO_EFECTIVO,11591.66,2026-05-20 04:03:22,0,Ing. Rocío Gallardo,Empresario / Comerciante,4,1
TX-0023907,CLI-03693,SISTEMA,DEPOSITO_EFECTIVO,7062.17,2026-05-20 04:45:22,0,Mitzy Rocha,Empresario / Comerciante,4,1
TX-0028272,CLI-04351,SISTEMA,DEPOSITO_EFECTIVO,8810.85,2026-05-20 04:58:22,0,Luis Manuel Oswaldo Pelayo Barrientos,Empresario / Comerciante,4,1
TX-0007257,CLI-01121,SISTEMA,DEPOSITO_EFECTIVO,11370.7,2026-05-20 07:54:22,0,Luz Escobar Ruiz,Profesionista Independiente,4,1
TX-0018710,CLI-02894,SISTEMA,DEPOSITO_EFECTIVO,22630.23,2026-05-20 08:05:22,0,Rubén Casillas Uribe,Empresario / Comerciante,4,1
TX-0016962,CLI-02628,SISTEMA,DEPOSITO_EFECTIVO,17185.25,2026-05-20 08:43:22,0,Ing. Aurelio Gaitán,Empresario / Comerciante,4,1
TX-0019886,CLI-03083,SISTEMA,DEPOSITO_EFECTIVO,7224.5,2026-05-20 09:32:22,0,Alvaro Octavio Quesada Valdez,Empresario / Comerciante,4,1
TX-0019021,CLI-02943,SISTEMA,DEPOSITO_EFECTIVO,15914.31,2026-05-20 09:34:22,0,Silvano Lorenzo Noriega,Empresario / Comerciante,4,1
TX-0000073,CLI-00011,SISTEMA,DEPOSITO_EFECTIVO,7760.18,2026-05-20 10:42:22,0,Abigail Ruby del Valle,Empresario / Comerciante,4,1
TX-0011879,CLI-01830,SISTEMA,DEPOSITO_EFECTIVO,5296.38,2026-05-20 11:14:22,0,María del Carmen Karla Fernández,Empresario / Comerciante,4,1
TX-0028029,CLI-04316,SISTEMA,DEPOSITO_EFECTIVO,16284.73,2026-05-20 14:04:22,0,Mario Quesada,Profesionista Independiente,4,1
TX-0027151,CLI-04184,SISTEMA,DEPOSITO_EFECTIVO,5976.84,2026-05-20 14:53:22,0,David José Eduardo Tamayo,Empresario / Comerciante,4,1
TX-0016958,CLI-02628,SISTEMA,DEPOSITO_EFECTIVO,1798.23,2026-05-20 17:45:22,0,Ing. Aurelio Gaitán,Empresario / Comerciante,4,1
TX-0025930,CLI-03999,SISTEMA,DEPOSITO_EFECTIVO,38727.27,2026-05-20 18:41:22,0,Benito Nieves Jáquez,Empresario / Comerciante,4,1
TX-0013777,CLI-02136,SISTEMA,DEPOSITO_EFECTIVO,26906.99,2026-05-20 21:05:22,0,Reynaldo Altamirano,Empresario / Comerciante,4,1
TX-0002623,CLI-00398,SISTEMA,DEPOSITO_EFECTIVO,29961.58,2026-05-20 22:08:22,0,Daniel Aurelio Mondragón García,Empresario / Comerciante,4,1
TX-0000347,CLI-00053,SISTEMA,DEPOSITO_EFECTIVO,16539.65,2026-05-20 22:12:22,0,Beatriz Cornejo,Empresario / Comerciante,4,1
TX-0011617,CLI-01791,SISTEMA,DEPOSITO_EFECTIVO,2570.96,2026-05-21 00:30:22,0,Yeni Mariana Lovato Menéndez,Empresario / Comerciante,4,1
TX-0023806,CLI-03679,SISTEMA,DEPOSITO_EFECTIVO,24440.1,2026-05-21 05:19:22,0,Serafín Raúl Loera,Empresario / Comerciante,4,1
TX-0008862,CLI-01361,SISTEMA,DEPOSITO_EFECTIVO,16372.19,2026-05-21 06:53:22,0,Dra. Socorro Tijerina,Empresario / Comerciante,4,1
TX-0022198,CLI-03434,SISTEMA,DEPOSITO_EFECTIVO,23585.74,2026-05-21 09:25:22,0,Lic. Mauricio Esparza,Empresario / Comerciante,4,1
TX-0013107,CLI-02027,SISTEMA,DEPOSITO_EFECTIVO,12397.28,2026-05-21 09:57:22,0,Ing. Ruby Arreola,Empresario / Comerciante,4,1
TX-0023714,CLI-03666,SISTEMA,DEPOSITO_EFECTIVO,18046.58,2026-05-21 10:37:22,0,Iván Palomo Gamez,Empresario / Comerciante,4,1
TX-0031874,CLI-04898,SISTEMA,DEPOSITO_EFECTIVO,10972.91,2026-05-21 12:41:22,0,Aurora Sessa Alemán,Empresario / Comerciante,4,1
TX-0001177,CLI-00177,SISTEMA,DEPOSITO_EFECTIVO,30396.52,2026-05-21 13:44:22,0,Srita. Clara Tapia,Empresario / Comerciante,4,1
TX-0013293,CLI-02057,SISTEMA,DEPOSITO_EFECTIVO,1567.34,2026-05-21 15:47:22,0,Aida Ofelia Guardado Madrid,Empresario / Comerciante,4,1
TX-0003228,CLI-00489,SISTEMA,DEPOSITO_EFECTIVO,10937.21,2026-05-21 16:09:22,0,Olga Santillán,Empresario / Comerciante,4,1
TX-0015197,CLI-02353,SISTEMA,DEPOSITO_EFECTIVO,8387.89,2026-05-21 16:14:22,0,Sra. Fabiola Yáñez,Empresario / Comerciante,4,1
TX-0025311,CLI-03907,SISTEMA,DEPOSITO_EFECTIVO,34767.08,2026-05-21 17:17:22,0,José María Vásquez Gallardo,Empresario / Comerciante,4,1
TX-0005381,CLI-00828,SISTEMA,DEPOSITO_EFECTIVO,14189.68,2026-05-21 17:46:22,0,Srita. Catalina Abrego,Profesionista Independiente,4,1
TX-0004196,CLI-00643,SISTEMA,DEPOSITO_EFECTIVO,18677.77,2026-05-21 17:59:22,0,Wilfrido Alvaro Alejandro,Empresario / Comerciante,4,1
TX-0027338,CLI-04216,SISTEMA,DEPOSITO_EFECTIVO,26089.87,2026-05-21 18:01:22,0,Jacobo Francisco Valles,Empresario / Comerciante,4,1
TX-0028719,CLI-04421,SISTEMA,DEPOSITO_EFECTIVO,20265.98,2026-05-21 19:08:22,0,Gabriela Elisa de la O,Empresario / Comerciante,4,1
TX-0006544,CLI-01008,SISTEMA,DEPOSITO_EFECTIVO,8588.19,2026-05-21 21:27:22,0,Alfonso Saldaña,Empresario / Comerciante,4,1
TX-0002260,CLI-00341,SISTEMA,DEPOSITO_EFECTIVO,20773.89,2026-05-21 22:15:22,0,Alvaro Marcos Ramos,Empresario / Comerciante,4,1
TX-0008619,CLI-01324,SISTEMA,DEPOSITO_EFECTIVO,29417.5,2026-05-21 23:47:22,0,Zacarías Juan Carlos Viera,Empresario / Comerciante,4,1
TX-0027473,CLI-04236,SISTEMA,DEPOSITO_EFECTIVO,4542.45,2026-05-22 00:13:22,0,Itzel Camacho,Empresario / Comerciante,4,1
TX-0025794,CLI-03979,SISTEMA,DEPOSITO_EFECTIVO,28036.56,2026-05-22 01:50:22,0,Miguel Tafoya,Empresario / Comerciante,4,1
TX-0028919,CLI-04452,SISTEMA,DEPOSITO_EFECTIVO,398.43,2026-05-22 01:59:22,0,María Cristina Verdugo Rico,Empresario / Comerciante,4,1
TX-0024616,CLI-03798,SISTEMA,DEPOSITO_EFECTIVO,28383.88,2026-05-22 02:48:22,0,Serafín Aranda,Empresario / Comerciante,4,1
TX-0030685,CLI-04723,SISTEMA,DEPOSITO_EFECTIVO,1697.94,2026-05-22 03:18:22,0,Sr. Isaac Manzanares,Empresario / Comerciante,4,1
TX-0023955,CLI-03700,SISTEMA,DEPOSITO_EFECTIVO,1364.52,2026-05-22 03:24:22,0,Dr. Cornelio Rosado,Empresario / Comerciante,4,1
TX-0020933,CLI-03241,SISTEMA,DEPOSITO_EFECTIVO,3378.72,2026-05-22 05:38:22,0,Caridad Leonor Sepúlveda,Empresario / Comerciante,4,1
TX-0005513,CLI-00845,SISTEMA,DEPOSITO_EFECTIVO,4980.22,2026-05-22 05:42:22,0,Ing. Carlos Alvarado,Empresario / Comerciante,4,1
TX-0022876,CLI-03535,SISTEMA,DEPOSITO_EFECTIVO,4974.97,2026-05-22 06:05:22,0,Ángela Leonor Hurtado,Empresario / Comerciante,4,1
TX-0007710,CLI-01185,SISTEMA,DEPOSITO_EFECTIVO,11901.69,2026-05-22 07:42:22,0,Renato Ramos,Empresario / Comerciante,4,1
TX-0024358,CLI-03760,SISTEMA,DEPOSITO_EFECTIVO,9130.91,2026-05-22 08:35:22,0,Claudio Sergio Granado Sosa,Empresario / Comerciante,4,1
TX-0001071,CLI-00162,SISTEMA,DEPOSITO_EFECTIVO,14975.27,2026-05-22 10:49:22,0,Jerónimo Ramón Chavarría Rentería,Profesionista Independiente,4,1
TX-0027621,CLI-04256,SISTEMA,DEPOSITO_EFECTIVO,18327.4,2026-05-22 12:10:22,0,Ana Leiva Mesa,Empresario / Comerciante,4,1
TX-0002789,CLI-00422,SISTEMA,DEPOSITO_EFECTIVO,19183.07,2026-05-22 12:16:22,0,Teresa Patiño Sierra,Empresario / Comerciante,4,1
TX-0016263,CLI-02516,SISTEMA,DEPOSITO_EFECTIVO,18188.02,2026-05-22 14:15:22,0,Angélica Garica Gómez,Empresario / Comerciante,4,1
TX-0028158,CLI-04334,SISTEMA,DEPOSITO_EFECTIVO,33815.38,2026-05-22 14:22:22,0,René Acuña,Empresario / Comerciante,4,1
TX-0011753,CLI-01814,SISTEMA,DEPOSITO_EFECTIVO,3897.65,2026-05-22 17:09:22,0,Abril Gurule,Empresario / Comerciante,4,1
TX-0021356,CLI-03300,SISTEMA,DEPOSITO_EFECTIVO,18849.5,2026-05-22 21:25:22,0,Indira Oquendo,Empresario / Comerciante,4,1
TX-0003341,CLI-00505,SISTEMA,DEPOSITO_EFECTIVO,43325.23,2026-05-22 23:07:22,0,Violeta Nancy Tijerina Estrada,Empresario / Comerciante,4,1
TX-0026813,CLI-04129,SISTEMA,DEPOSITO_EFECTIVO,24514.96,2026-05-23 03:42:22,0,Laura Vega,Empresario / Comerciante,4,1
TX-0009512,CLI-01462,SISTEMA,DEPOSITO_EFECTIVO,29252.45,2026-05-23 04:33:22,0,Julio César Jorge Luis Quintero,Empresario / Comerciante,4,1
TX-0016205,CLI-02508,SISTEMA,DEPOSITO_EFECTIVO,12781.28,2026-05-23 06:51:22,0,Beatriz Berta Puente,Empresario / Comerciante,4,1
TX-0016900,CLI-02617,SISTEMA,DEPOSITO_EFECTIVO,17087.76,2026-05-23 08:38:22,0,Jonás Rodarte Gamboa,Empresario / Comerciante,4,1
TX-0000346,CLI-00053,SISTEMA,DEPOSITO_EFECTIVO,35606.13,2026-05-23 12:11:22,0,Beatriz Cornejo,Empresario / Comerciante,4,1
TX-0023014,CLI-03556,SISTEMA,DEPOSITO_EFECTIVO,4449.04,2026-05-23 12:49:22,0,Amanda Porras Rocha,Empresario / Comerciante,4,1
TX-0010212,CLI-01570,SISTEMA,DEPOSITO_EFECTIVO,16759.6,2026-05-23 12:49:22,0,Ing. Jerónimo Ontiveros,Empresario / Comerciante,4,1
TX-0028619,CLI-04405,SISTEMA,DEPOSITO_EFECTIVO,5197.37,2026-05-23 15:45:22,0,Wendolin Camila Calvillo Muñoz,Empresario / Comerciante,4,1
TX-0020851,CLI-03229,SISTEMA,DEPOSITO_EFECTIVO,3768.21,2026-05-23 16:35:22,0,Isabel Merino Pulido,Empresario / Comerciante,4,1
TX-0006542,CLI-01008,SISTEMA,DEPOSITO_EFECTIVO,20590.72,2026-05-23 17:37:22,0,Alfonso Saldaña,Empresario / Comerciante,4,1
TX-0028914,CLI-04452,SISTEMA,DEPOSITO_EFECTIVO,3398.47,2026-05-23 22:25:22,0,María Cristina Verdugo Rico,Empresario / Comerciante,4,1
TX-0030045,CLI-04629,SISTEMA,DEPOSITO_EFECTIVO,36506.91,2026-05-23 22:43:22,0,Eloy Uriel Sarabia Morales,Empresario / Comerciante,4,1
TX-0030995,CLI-04770,SISTEMA,DEPOSITO_EFECTIVO,9620.96,2026-05-23 22:53:22,0,Mónica Narváez Montaño,Empresario / Comerciante,4,1
TX-0011878,CLI-01829,SISTEMA,DEPOSITO_EFECTIVO,12472.07,2026-05-23 23:05:22,0,Sr. Ignacio Fierro,Empresario / Comerciante,4,1
TX-0024598,CLI-03796,SISTEMA,DEPOSITO_EFECTIVO,27311.88,2026-05-23 23:17:22,0,Carlota Trujillo Ulloa,Empresario / Comerciante,4,1
TX-0030179,CLI-04649,SISTEMA,DEPOSITO_EFECTIVO,14103.63,2026-05-24 03:17:22,0,Manuel Esquivel Laboy,Empresario / Comerciante,4,1
TX-0030277,CLI-04665,SISTEMA,DEPOSITO_EFECTIVO,28179.88,2026-05-24 03:44:22,0,Francisco Javier Ignacio de la Rosa,Empresario / Comerciante,4,1
TX-0024376,CLI-03763,SISTEMA,DEPOSITO_EFECTIVO,16363.82,2026-05-24 04:06:22,0,Mariano Munguía Valle,Empresario / Comerciante,4,1
TX-0012101,CLI-01867,SISTEMA,DEPOSITO_EFECTIVO,16225.33,2026-05-24 04:33:22,0,Irene Zedillo,Profesionista Independiente,4,1
TX-0006312,CLI-00972,SISTEMA,DEPOSITO_EFECTIVO,1736.19,2026-05-24 04:46:22,0,Marco Antonio Isaac Jurado Partida,Empresario / Comerciante,4,1
TX-0023147,CLI-03576,SISTEMA,DEPOSITO_EFECTIVO,6355.38,2026-05-24 05:11:22,0,Rebeca Guzmán Tamayo,Empresario / Comerciante,4,1
TX-0021764,CLI-03364,SISTEMA,DEPOSITO_EFECTIVO,5760.24,2026-05-24 06:16:22,0,Blanca Olga Zavala Casares,Empresario / Comerciante,4,1
TX-0022857,CLI-03532,SISTEMA,DEPOSITO_EFECTIVO,3463.53,2026-05-24 07:35:22,0,Karina Francisca Burgos,Profesionista Independiente,4,1
TX-0019574,CLI-03035,SISTEMA,DEPOSITO_EFECTIVO,2233.9,2026-05-24 07:46:22,0,Ing. Paulina Soria,Empresario / Comerciante,4,1
TX-0004537,CLI-00695,SISTEMA,DEPOSITO_EFECTIVO,19676.05,2026-05-24 08:19:22,0,Emiliano Gómez Limón,Empresario / Comerciante,4,1
TX-0015518,CLI-02402,SISTEMA,DEPOSITO_EFECTIVO,11989.54,2026-05-24 09:30:22,0,Dra. Natividad Rivero,Empresario / Comerciante,4,1
TX-0022999,CLI-03553,SISTEMA,DEPOSITO_EFECTIVO,18846.01,2026-05-24 09:39:22,0,Ing. Leonardo Guajardo,Empresario / Comerciante,4,1
TX-0027458,CLI-04233,SISTEMA,DEPOSITO_EFECTIVO,27410.76,2026-05-24 10:53:22,0,Leonel Naranjo,Empresario / Comerciante,4,1
TX-0023791,CLI-03677,SISTEMA,DEPOSITO_EFECTIVO,27287.21,2026-05-24 11:14:22,0,Mateo Alonso,Empresario / Comerciante,4,1
TX-0011615,CLI-01791,SISTEMA,DEPOSITO_EFECTIVO,12429.65,2026-05-24 13:00:22,0,Yeni Mariana Lovato Menéndez,Empresario / Comerciante,4,1
TX-0003690,CLI-00558,SISTEMA,DEPOSITO_EFECTIVO,4884.47,2026-05-24 13:03:22,0,Alberto Óliver Vigil,Empresario / Comerciante,4,1
TX-0031662,CLI-04869,SISTEMA,DEPOSITO_EFECTIVO,6657.67,2026-05-24 13:15:22,0,Bruno Caraballo Naranjo,Empresario / Comerciante,4,1
TX-0026690,CLI-04108,SISTEMA,DEPOSITO_EFECTIVO,13185.84,2026-05-24 13:29:22,0,Sra. Marisela Mares,Empresario / Comerciante,4,1
TX-0024962,CLI-03852,SISTEMA,DEPOSITO_EFECTIVO,5346.58,2026-05-24 13:46:22,0,Sr. Miguel Ángel Valentín,Empresario / Comerciante,4,1
TX-0008536,CLI-01310,SISTEMA,DEPOSITO_EFECTIVO,37036.95,2026-05-24 13:51:22,0,Jerónimo Rolando Quiroz Cordero,Empresario / Comerciante,4,1
TX-0027429,CLI-04228,SISTEMA,DEPOSITO_EFECTIVO,6317.38,2026-05-24 14:07:22,0,Rosario Wendolin Valenzuela Mojica,Profesionista Independiente,4,1
TX-0012941,CLI-02001,SISTEMA,DEPOSITO_EFECTIVO,9517.07,2026-05-24 15:03:22,0,Gilberto Rufino González,Empresario / Comerciante,4,1
TX-0028028,CLI-04316,SISTEMA,DEPOSITO_EFECTIVO,9255.94,2026-05-24 15:07:22,0,Mario Quesada,Profesionista Independiente,4,1
TX-0021884,CLI-03382,SISTEMA,DEPOSITO_EFECTIVO,28600.78,2026-05-24 15:16:22,0,Micaela Elisa Lozada Aguilar,Empresario / Comerciante,4,1
TX-0025524,CLI-03938,SISTEMA,DEPOSITO_EFECTIVO,22354.49,2026-05-24 16:52:22,0,Srita. Ivonne Berríos,Empresario / Comerciante,4,1
TX-0004118,CLI-00630,SISTEMA,DEPOSITO_EFECTIVO,35782.15,2026-05-24 17:10:22,0,Miguel Rufino Alva Arroyo,Empresario / Comerciante,4,1
TX-0005258,CLI-00810,SISTEMA,DEPOSITO_EFECTIVO,20824.57,2026-05-24 20:31:22,0,Ing. Asunción Delgadillo,Empresario / Comerciante,4,1
TX-0021468,CLI-03319,SISTEMA,DEPOSITO_EFECTIVO,16234.22,2026-05-24 22:19:22,0,Octavio Raúl Ceballos,Empresario / Comerciante,4,1
TX-0023063,CLI-03563,SISTEMA,DEPOSITO_EFECTIVO,8861.71,2026-05-24 22:37:22,0,Reynaldo Claudio Montero Vargas,Empresario / Comerciante,4,1
TX-0013369,CLI-02072,SISTEMA,DEPOSITO_EFECTIVO,5007.27,2026-05-24 23:19:22,0,Dra. Pamela Maya,Empresario / Comerciante,4,1
TX-0006670,CLI-01028,SISTEMA,DEPOSITO_EFECTIVO,13989.09,2026-05-25 00:51:22,0,Natividad Nieto,Empresario / Comerciante,4,1
TX-0010668,CLI-01643,SISTEMA,DEPOSITO_EFECTIVO,17051.7,2026-05-25 03:39:22,0,Raquel Orosco,Empresario / Comerciante,4,1
TX-0023954,CLI-03700,SISTEMA,DEPOSITO_EFECTIVO,26649.61,2026-05-25 04:04:22,0,Dr. Cornelio Rosado,Empresario / Comerciante,4,1
TX-0025364,CLI-03915,SISTEMA,DEPOSITO_EFECTIVO,32915.68,2026-05-25 06:39:22,0,Ing. Luz Ulibarri,Empresario / Comerciante,4,1
TX-0011193,CLI-01724,SISTEMA,DEPOSITO_EFECTIVO,14382.4,2026-05-25 06:56:22,0,Timoteo Lucas Hernández Aragón,Empresario / Comerciante,4,1
TX-0000198,CLI-00030,SISTEMA,DEPOSITO_EFECTIVO,1811.68,2026-05-25 08:09:22,0,Fabiola Graciela Ramón Mares,Empresario / Comerciante,4,1
TX-0009194,CLI-01413,SISTEMA,DEPOSITO_EFECTIVO,936.76,2026-05-25 08:38:22,0,Elvira Natalia Guerra Orellana,Empresario / Comerciante,4,1
TX-0016838,CLI-02609,SISTEMA,DEPOSITO_EFECTIVO,18894.09,2026-05-25 08:49:22,0,Ing. Carla Abrego,Empresario / Comerciante,4,1
TX-0003211,CLI-00486,SISTEMA,DEPOSITO_EFECTIVO,24654.16,2026-05-25 10:05:22,0,Mauro Rentería Villanueva,Empresario / Comerciante,4,1
TX-0016036,CLI-02480,SISTEMA,DEPOSITO_EFECTIVO,15090.62,2026-05-25 11:12:22,0,Ing. Hilda Villa,Empresario / Comerciante,4,1
TX-0004090,CLI-00625,SISTEMA,DEPOSITO_EFECTIVO,11471.32,2026-05-25 14:12:22,0,Mayte Nancy Estrada,Empresario / Comerciante,4,1
TX-0004534,CLI-00695,SISTEMA,DEPOSITO_EFECTIVO,15793.74,2026-05-25 14:48:22,0,Emiliano Gómez Limón,Empresario / Comerciante,4,1
TX-0017007,CLI-02635,SISTEMA,DEPOSITO_EFECTIVO,3996.34,2026-05-25 19:03:22,0,José Carlos Armando Valdés Meléndez,Empresario / Comerciante,4,1
TX-0013291,CLI-02057,SISTEMA,DEPOSITO_EFECTIVO,9968.5,2026-05-25 19:37:22,0,Aida Ofelia Guardado Madrid,Empresario / Comerciante,4,1
TX-0032148,CLI-04939,SISTEMA,DEPOSITO_EFECTIVO,7416.03,2026-05-25 19:55:22,0,Noelia Florencia Bañuelos,Empresario / Comerciante,4,1
TX-0030800,CLI-04739,SISTEMA,DEPOSITO_EFECTIVO,16500.16,2026-05-25 20:25:22,0,Omar Espartaco Borrego,Empresario / Comerciante,4,1
TX-0028393,CLI-04369,SISTEMA,DEPOSITO_EFECTIVO,23391.95,2026-05-25 20:58:22,0,Dr. Abelardo Leyva,Empresario / Comerciante,4,1
TX-0009798,CLI-01504,SISTEMA,DEPOSITO_EFECTIVO,3685.0,2026-05-25 21:44:22,0,Aurelio Tomás Hernández,Empresario / Comerciante,4,1
TX-0018707,CLI-02894,SISTEMA,DEPOSITO_EFECTIVO,16073.49,2026-05-25 22:40:22,0,Rubén Casillas Uribe,Empresario / Comerciante,4,1
TX-0026914,CLI-04148,SISTEMA,DEPOSITO_EFECTIVO,11264.74,2026-05-26 00:57:22,0,Ing. Francisco Samaniego,Empresario / Comerciante,4,1
TX-0028389,CLI-04369,SISTEMA,DEPOSITO_EFECTIVO,20507.83,2026-05-26 02:45:22,0,Dr. Abelardo Leyva,Empresario / Comerciante,4,1
TX-0003247,CLI-00492,SISTEMA,DEPOSITO_EFECTIVO,20660.73,2026-05-26 03:19:22,0,Sra. Isabel Flores,Empresario / Comerciante,4,1
TX-0025542,CLI-03941,SISTEMA,DEPOSITO_EFECTIVO,32977.11,2026-05-26 03:26:22,0,Ana Paulina Escobar Carmona,Empresario / Comerciante,4,1
TX-0000312,CLI-00047,SISTEMA,DEPOSITO_EFECTIVO,9501.24,2026-05-26 04:26:22,0,Dulce Marisol Téllez,Empresario / Comerciante,4,1
TX-0001955,CLI-00294,SISTEMA,DEPOSITO_EFECTIVO,4645.82,2026-05-26 09:09:22,0,Diana Solorzano,Empresario / Comerciante,4,1
TX-0025866,CLI-03990,SISTEMA,DEPOSITO_EFECTIVO,29497.31,2026-05-26 09:42:22,0,Patricia Calvillo Acevedo,Empresario / Comerciante,4,1
TX-0023862,CLI-03687,SISTEMA,DEPOSITO_EFECTIVO,12568.0,2026-05-26 12:27:22,0,Omar Modesto Badillo León,Empresario / Comerciante,4,1
TX-0022279,CLI-03445,SISTEMA,DEPOSITO_EFECTIVO,46367.26,2026-05-26 12:48:22,0,Sara Palacios,Empresario / Comerciante,4,1
TX-0027541,CLI-04246,SISTEMA,DEPOSITO_EFECTIVO,32440.26,2026-05-26 13:54:22,0,Aldo Luis Manuel Ontiveros,Empresario / Comerciante,4,1
TX-0007950,CLI-01223,SISTEMA,DEPOSITO_EFECTIVO,38152.63,2026-05-26 14:23:22,0,Luis Manuel Gilberto Nazario Farías,Empresario / Comerciante,4,1
TX-0019009,CLI-02940,SISTEMA,DEPOSITO_EFECTIVO,10584.96,2026-05-26 17:43:22,0,Oswaldo Darío Olivares Baca,Empresario / Comerciante,4,1
TX-0011876,CLI-01829,SISTEMA,DEPOSITO_EFECTIVO,10767.78,2026-05-26 20:11:22,0,Sr. Ignacio Fierro,Empresario / Comerciante,4,1
TX-0032132,CLI-04937,SISTEMA,DEPOSITO_EFECTIVO,22065.2,2026-05-26 22:44:22,0,Modesto Juan Gaona,Empresario / Comerciante,4,1
TX-0023124,CLI-03573,SISTEMA,DEPOSITO_EFECTIVO,4512.43,2026-05-26 22:52:22,0,Graciela Sandra Ayala Núñez,Empresario / Comerciante,4,1
TX-0006444,CLI-00993,SISTEMA,DEPOSITO_EFECTIVO,32896.85,2026-05-27 00:12:22,0,Elvia Espinal Iglesias,Empresario / Comerciante,4,1
TX-0009549,CLI-01467,SISTEMA,DEPOSITO_EFECTIVO,30917.34,2026-05-27 00:20:22,0,Emiliano Vicente Archuleta Ulloa,Empresario / Comerciante,4,1
TX-0005988,CLI-00921,SISTEMA,DEPOSITO_EFECTIVO,22385.81,2026-05-27 00:32:22,0,Rubén Alfonso Vigil Portillo,Empresario / Comerciante,4,1
TX-0017059,CLI-02642,SISTEMA,DEPOSITO_EFECTIVO,25625.32,2026-05-27 01:09:22,0,Mateo Rosado,Empresario / Comerciante,4,1
TX-0020220,CLI-03137,SISTEMA,DEPOSITO_EFECTIVO,4147.96,2026-05-27 02:05:22,0,Luz Sofía Cintrón Gracia,Empresario / Comerciante,4,1
TX-0024493,CLI-03780,SISTEMA,DEPOSITO_EFECTIVO,2158.39,2026-05-27 02:36:22,0,Lic. Timoteo Benítez,Empresario / Comerciante,4,1
TX-0011436,CLI-01763,SISTEMA,DEPOSITO_EFECTIVO,3088.85,2026-05-27 02:49:22,0,Abigail Franco,Empresario / Comerciante,4,1
TX-0020238,CLI-03139,SISTEMA,DEPOSITO_EFECTIVO,14242.21,2026-05-27 06:43:22,0,Abraham Bueno,Empresario / Comerciante,4,1
TX-0019022,CLI-02943,SISTEMA,DEPOSITO_EFECTIVO,17431.84,2026-05-27 10:53:22,0,Silvano Lorenzo Noriega,Empresario / Comerciante,4,1
TX-0011281,CLI-01737,SISTEMA,DEPOSITO_EFECTIVO,10295.15,2026-05-27 13:48:22,0,Hilda Báez,Empresario / Comerciante,4,1
TX-0023790,CLI-03677,SISTEMA,DEPOSITO_EFECTIVO,8259.35,2026-05-27 14:21:22,0,Mateo Alonso,Empresario / Comerciante,4,1
TX-0019792,CLI-03068,SISTEMA,DEPOSITO_EFECTIVO,19774.45,2026-05-27 16:29:22,0,Sra. Fabiola Rendón,Empresario / Comerciante,4,1
TX-0029656,CLI-04566,SISTEMA,DEPOSITO_EFECTIVO,14182.29,2026-05-27 18:34:22,0,Pablo Fuentes,Empresario / Comerciante,4,1
TX-0030666,CLI-04721,SISTEMA,DEPOSITO_EFECTIVO,12083.98,2026-05-27 20:16:22,0,Julio Juan Carlos Navarro del Valle,Empresario / Comerciante,4,1
TX-0030740,CLI-04730,SISTEMA,DEPOSITO_EFECTIVO,21178.62,2026-05-27 21:29:22,0,Eloy Óliver Ontiveros,Empresario / Comerciante,4,1
TX-0020264,CLI-03143,SISTEMA,DEPOSITO_EFECTIVO,16053.24,2026-05-27 22:15:22,0,Ing. Soledad Merino,Empresario / Comerciante,4,1
TX-0004634,CLI-00714,SISTEMA,DEPOSITO_EFECTIVO,32995.55,2026-05-27 22:17:22,0,Elvira María Luisa Cervantes,Empresario / Comerciante,4,1
TX-0016362,CLI-02534,SISTEMA,DEPOSITO_EFECTIVO,2891.42,2026-05-28 00:01:22,0,Araceli Micaela Bernal,Empresario / Comerciante,4,1
TX-0013677,CLI-02120,SISTEMA,DEPOSITO_EFECTIVO,8273.89,2026-05-28 00:16:22,0,Socorro Irizarry,Empresario / Comerciante,4,1
TX-0004632,CLI-00714,SISTEMA,DEPOSITO_EFECTIVO,8161.91,2026-05-28 00:40:22,0,Elvira María Luisa Cervantes,Empresario / Comerciante,4,1
TX-0007368,CLI-01137,SISTEMA,DEPOSITO_EFECTIVO,34701.28,2026-05-28 00:55:22,0,Sra. Luz Heredia,Empresario / Comerciante,4,1
TX-0007246,CLI-01120,SISTEMA,DEPOSITO_EFECTIVO,6918.05,2026-05-28 01:05:22,0,Ignacio Rivero,Empresario / Comerciante,4,1
TX-0004800,CLI-00742,SISTEMA,DEPOSITO_EFECTIVO,6826.45,2026-05-28 01:28:22,0,Marcela Clara Vera,Empresario / Comerciante,4,1
TX-0018513,CLI-02863,SISTEMA,DEPOSITO_EFECTIVO,2470.72,2026-05-28 01:38:22,0,René Salgado Amaya,Empresario / Comerciante,4,1
TX-0012448,CLI-01921,SISTEMA,DEPOSITO_EFECTIVO,9946.72,2026-05-28 01:52:22,0,Raúl Julio Serrano,Empresario / Comerciante,4,1
TX-0028056,CLI-04321,SISTEMA,DEPOSITO_EFECTIVO,12689.08,2026-05-28 03:15:22,0,José Carlos Pedro Alcala,Empresario / Comerciante,4,1
TX-0007566,CLI-01165,SISTEMA,DEPOSITO_EFECTIVO,22978.72,2026-05-28 03:46:22,0,Srita. Elvira Moya,Empresario / Comerciante,4,1
TX-0018475,CLI-02858,SISTEMA,DEPOSITO_EFECTIVO,15347.42,2026-05-28 05:07:22,0,Sonia Leal Muñiz,Profesionista Independiente,4,1
TX-0009078,CLI-01395,SISTEMA,DEPOSITO_EFECTIVO,27014.5,2026-05-28 05:24:22,0,Cynthia Lemus Linares,Empresario / Comerciante,4,1
TX-0012174,CLI-01880,SISTEMA,DEPOSITO_EFECTIVO,24868.78,2026-05-28 06:57:22,0,Clara Citlali Solano Córdova,Empresario / Comerciante,4,1
TX-0030173,CLI-04649,SISTEMA,DEPOSITO_EFECTIVO,10192.12,2026-05-28 07:45:22,0,Manuel Esquivel Laboy,Empresario / Comerciante,4,1
TX-0012835,CLI-01984,SISTEMA,DEPOSITO_EFECTIVO,31323.81,2026-05-28 07:57:22,0,Leonor Luz Olvera Rivera,Empresario / Comerciante,4,1
TX-0010076,CLI-01547,SISTEMA,DEPOSITO_EFECTIVO,8937.51,2026-05-28 08:18:22,0,Ángel Alcaraz Valdés,Profesionista Independiente,4,1
TX-0025074,CLI-03869,SISTEMA,DEPOSITO_EFECTIVO,12567.73,2026-05-28 09:58:22,0,Luis Miguel Rolando Venegas Badillo,Empresario / Comerciante,4,1
TX-0027371,CLI-04220,SISTEMA,DEPOSITO_EFECTIVO,1779.11,2026-05-28 10:02:22,0,Juana Collado Lugo,Empresario / Comerciante,4,1
TX-0017948,CLI-02776,SISTEMA,DEPOSITO_EFECTIVO,29770.08,2026-05-28 10:37:22,0,Ramón Sáenz,Empresario / Comerciante,4,1
TX-0018508,CLI-02863,SISTEMA,DEPOSITO_EFECTIVO,582.57,2026-05-28 12:35:22,0,René Salgado Amaya,Empresario / Comerciante,4,1
TX-0022858,CLI-03532,SISTEMA,DEPOSITO_EFECTIVO,9698.28,2026-05-28 13:43:22,0,Karina Francisca Burgos,Profesionista Independiente,4,1
TX-0007012,CLI-01082,SISTEMA,DEPOSITO_EFECTIVO,8324.66,2026-05-28 16:40:22,0,Sra. Francisca Sánchez,Empresario / Comerciante,4,1
TX-0006337,CLI-00976,SISTEMA,DEPOSITO_EFECTIVO,16071.89,2026-05-28 17:00:22,0,Eugenio Linares Gutiérrez,Empresario / Comerciante,4,1
TX-0010156,CLI-01560,SISTEMA,DEPOSITO_EFECTIVO,15430.34,2026-05-28 17:03:22,0,Estela Escobar,Empresario / Comerciante,4,1
TX-0025929,CLI-03998,SISTEMA,DEPOSITO_EFECTIVO,5292.28,2026-05-28 17:33:22,0,Ing. Rocío Gallardo,Empresario / Comerciante,4,1
TX-0008613,CLI-01322,SISTEMA,DEPOSITO_EFECTIVO,26895.12,2026-05-28 17:47:22,0,Sofía Leticia Alfaro Terrazas,Empresario / Comerciante,4,1
TX-0021417,CLI-03311,SISTEMA,DEPOSITO_EFECTIVO,25918.34,2026-05-28 17:52:22,0,Karla Burgos Llamas,Empresario / Comerciante,4,1
TX-0006903,CLI-01064,SISTEMA,DEPOSITO_EFECTIVO,32228.42,2026-05-28 17:59:22,0,Reynaldo Orozco,Empresario / Comerciante,4,1
TX-0020937,CLI-03241,SISTEMA,DEPOSITO_EFECTIVO,2967.88,2026-05-28 18:40:22,0,Caridad Leonor Sepúlveda,Empresario / Comerciante,4,1
TX-0009882,CLI-01516,SISTEMA,DEPOSITO_EFECTIVO,23996.7,2026-05-28 19:48:22,0,Salvador Esparza,Empresario / Comerciante,4,1
TX-0001072,CLI-00162,SISTEMA,DEPOSITO_EFECTIVO,16502.37,2026-05-28 20:09:22,0,Jerónimo Ramón Chavarría Rentería,Profesionista Independiente,4,1
TX-0013709,CLI-02125,SISTEMA,DEPOSITO_EFECTIVO,25378.22,2026-05-28 21:10:22,0,Santiago Gonzalo Elizondo,Empresario / Comerciante,4,1
TX-0021465,CLI-03319,SISTEMA,DEPOSITO_EFECTIVO,13133.86,2026-05-28 22:13:22,0,Octavio Raúl Ceballos,Empresario / Comerciante,4,1
TX-0030669,CLI-04721,SISTEMA,DEPOSITO_EFECTIVO,12364.45,2026-05-28 22:57:22,0,Julio Juan Carlos Navarro del Valle,Empresario / Comerciante,4,1
TX-0017213,CLI-02668,SISTEMA,DEPOSITO_EFECTIVO,13778.17,2026-05-29 06:14:22,0,Rolando Gamez,Empresario / Comerciante,4,1
TX-0003204,CLI-00486,SISTEMA,DEPOSITO_EFECTIVO,3116.24,2026-05-29 07:45:22,0,Mauro Rentería Villanueva,Empresario / Comerciante,4,1
TX-0023202,CLI-03585,SISTEMA,DEPOSITO_EFECTIVO,5972.99,2026-05-29 11:00:22,0,Victoria Nelly Sevilla,Empresario / Comerciante,4,1
TX-0015513,CLI-02401,SISTEMA,DEPOSITO_EFECTIVO,1290.83,2026-05-29 12:04:22,0,Ofelia Avilés Palomo,Empresario / Comerciante,4,1
TX-0013680,CLI-02120,SISTEMA,DEPOSITO_EFECTIVO,9183.12,2026-05-29 13:29:22,0,Socorro Irizarry,Empresario / Comerciante,4,1
TX-0004475,CLI-00684,SISTEMA,DEPOSITO_EFECTIVO,4067.43,2026-05-29 14:06:22,0,Esparta Munguía,Empresario / Comerciante,4,1
TX-0013108,CLI-02027,SISTEMA,DEPOSITO_EFECTIVO,22284.8,2026-05-29 15:04:22,0,Ing. Ruby Arreola,Empresario / Comerciante,4,1
TX-0011429,CLI-01762,SISTEMA,DEPOSITO_EFECTIVO,4496.16,2026-05-29 16:59:22,0,Lic. Victoria Lemus,Empresario / Comerciante,4,1
TX-0018060,CLI-02794,SISTEMA,DEPOSITO_EFECTIVO,30295.31,2026-05-29 19:11:22,0,Arturo Gutiérrez Segovia,Empresario / Comerciante,4,1
TX-0027367,CLI-04220,SISTEMA,DEPOSITO_EFECTIVO,1060.7,2026-05-29 20:03:22,0,Juana Collado Lugo,Empresario / Comerciante,4,1
TX-0015515,CLI-02401,SISTEMA,DEPOSITO_EFECTIVO,569.55,2026-05-29 20:05:22,0,Ofelia Avilés Palomo,Empresario / Comerciante,4,1
TX-0031872,CLI-04898,SISTEMA,DEPOSITO_EFECTIVO,13035.99,2026-05-29 20:09:22,0,Aurora Sessa Alemán,Empresario / Comerciante,4,1
TX-0026837,CLI-04134,SISTEMA,DEPOSITO_EFECTIVO,6854.34,2026-05-29 22:58:22,0,Fabiola Nieves Bermúdez,Empresario / Comerciante,4,1
TX-0009476,CLI-01457,SISTEMA,DEPOSITO_EFECTIVO,15303.12,2026-05-29 23:32:22,0,Teodoro Iván Quesada,Empresario / Comerciante,4,1
TX-0021360,CLI-03300,SISTEMA,DEPOSITO_EFECTIVO,18007.12,2026-05-30 00:50:22,0,Indira Oquendo,Empresario / Comerciante,4,1
TX-0028390,CLI-04369,SISTEMA,DEPOSITO_EFECTIVO,1957.52,2026-05-30 00:55:22,0,Dr. Abelardo Leyva,Empresario / Comerciante,4,1
TX-0010848,CLI-01671,SISTEMA,DEPOSITO_EFECTIVO,21478.88,2026-05-30 01:40:22,0,Srita. Dalia Patiño,Empresario / Comerciante,4,1
TX-0021787,CLI-03367,SISTEMA,DEPOSITO_EFECTIVO,9914.89,2026-05-30 03:35:22,0,Celia Benavides,Empresario / Comerciante,4,1
TX-0010217,CLI-01570,SISTEMA,DEPOSITO_EFECTIVO,26237.84,2026-05-30 04:04:22,0,Ing. Jerónimo Ontiveros,Empresario / Comerciante,4,1
TX-0022136,CLI-03422,SISTEMA,DEPOSITO_EFECTIVO,21363.88,2026-05-30 07:00:22,0,Silvano Israel Muñoz Nava,Empresario / Comerciante,4,1
TX-0027527,CLI-04244,SISTEMA,DEPOSITO_EFECTIVO,16702.6,2026-05-30 08:23:22,0,Dr. Agustín Mejía,Empresario / Comerciante,4,1
TX-0024602,CLI-03796,SISTEMA,DEPOSITO_EFECTIVO,12667.28,2026-05-30 09:08:22,0,Carlota Trujillo Ulloa,Empresario / Comerciante,4,1
TX-0019023,CLI-02943,SISTEMA,DEPOSITO_EFECTIVO,14872.35,2026-05-30 09:41:22,0,Silvano Lorenzo Noriega,Empresario / Comerciante,4,1
TX-0011622,CLI-01792,SISTEMA,DEPOSITO_EFECTIVO,9765.38,2026-05-30 12:14:22,0,Ing. Esperanza Prieto,Empresario / Comerciante,4,1
TX-0003207,CLI-00486,SISTEMA,DEPOSITO_EFECTIVO,25893.74,2026-05-30 18:02:22,0,Mauro Rentería Villanueva,Empresario / Comerciante,4,1
TX-0011760,CLI-01815,SISTEMA,DEPOSITO_EFECTIVO,439.08,2026-05-30 18:36:22,0,Hermelinda Zamudio,Empresario / Comerciante,4,1
TX-0013281,CLI-02056,SISTEMA,DEPOSITO_EFECTIVO,2246.54,2026-05-30 18:52:22,0,Carlos Alvaro Sisneros de la Rosa,Empresario / Comerciante,4,1
TX-0004203,CLI-00643,SISTEMA,DEPOSITO_EFECTIVO,10264.86,2026-05-30 19:42:22,0,Wilfrido Alvaro Alejandro,Empresario / Comerciante,4,1
TX-0032129,CLI-04937,SISTEMA,DEPOSITO_EFECTIVO,2590.97,2026-05-30 20:04:22,0,Modesto Juan Gaona,Empresario / Comerciante,4,1
TX-0030851,CLI-04749,SISTEMA,DEPOSITO_EFECTIVO,9669.44,2026-05-30 20:30:22,0,Margarita Peña,Empresario / Comerciante,4,1
TX-0008352,CLI-01285,SISTEMA,DEPOSITO_EFECTIVO,360.15,2026-05-30 21:57:22,0,Lic. Miguel Ángel Mota,Empresario / Comerciante,4,1
TX-0015063,CLI-02334,SISTEMA,DEPOSITO_EFECTIVO,10522.22,2026-05-30 22:19:22,0,Karina Noelia Cordero,Empresario / Comerciante,4,1
TX-0011597,CLI-01788,SISTEMA,DEPOSITO_EFECTIVO,6500.03,2026-05-31 02:24:22,0,María Ángela Castellanos,Empresario / Comerciante,4,1
TX-0015933,CLI-02467,SISTEMA,DEPOSITO_EFECTIVO,33395.81,2026-05-31 03:13:22,0,Aldo Valdez,Empresario / Comerciante,4,1
TX-0030854,CLI-04749,SISTEMA,DEPOSITO_EFECTIVO,7516.6,2026-05-31 05:07:22,0,Margarita Peña,Empresario / Comerciante,4,1
TX-0004245,CLI-00649,SISTEMA,DEPOSITO_EFECTIVO,8915.69,2026-05-31 06:12:22,0,Sr. Elias Barraza,Empresario / Comerciante,4,1
TX-0014106,CLI-02183,SISTEMA,DEPOSITO_EFECTIVO,11516.63,2026-05-31 08:41:22,0,Inés Bañuelos Zavala,Empresario / Comerciante,4,1
TX-0024360,CLI-03760,SISTEMA,DEPOSITO_EFECTIVO,42421.25,2026-05-31 14:11:22,0,Claudio Sergio Granado Sosa,Empresario / Comerciante,4,1
TX-0020902,CLI-03236,SISTEMA,DEPOSITO_EFECTIVO,18518.26,2026-05-31 14:19:22,0,Ana María Aguayo,Empresario / Comerciante,4,1
TX-0026692,CLI-04108,SISTEMA,DEPOSITO_EFECTIVO,24129.69,2026-05-31 14:49:22,0,Sra. Marisela Mares,Empresario / Comerciante,4,1
TX-0000807,CLI-00124,SISTEMA,DEPOSITO_EFECTIVO,10332.68,2026-05-31 16:20:22,0,Bruno Zacarías Camacho Alcaraz,Empresario / Comerciante,4,1
TX-0024147,CLI-03729,SISTEMA,DEPOSITO_EFECTIVO,7407.95,2026-05-31 17:10:22,0,José Eduardo José Carlos Vega,Empresario / Comerciante,4,1
TX-0008342,CLI-01284,SISTEMA,DEPOSITO_EFECTIVO,15715.42,2026-05-31 19:19:22,0,Bernardo Bernabé Gaitán Marín,Empresario / Comerciante,4,1
TX-0008623,CLI-01324,SISTEMA,DEPOSITO_EFECTIVO,12981.98,2026-05-31 19:57:22,0,Zacarías Juan Carlos Viera,Empresario / Comerciante,4,1
TX-0024669,CLI-03806,SISTEMA,DEPOSITO_EFECTIVO,11110.01,2026-05-31 21:17:22,0,Germán Silvano Muñoz,Empresario / Comerciante,4,1
TX-0001984,CLI-00299,SISTEMA,DEPOSITO_EFECTIVO,15659.73,2026-06-01 00:45:22,0,Silvano Hernán Armendáriz,Empresario / Comerciante,4,1
TX-0012591,CLI-01943,SISTEMA,DEPOSITO_EFECTIVO,13617.18,2026-06-01 01:41:22,0,Eugenia Dulce Burgos Otero,Empresario / Comerciante,4,1
TX-0007159,CLI-01107,SISTEMA,DEPOSITO_EFECTIVO,20672.49,2026-06-01 03:50:22,0,Manuel Jasso Dávila,Empresario / Comerciante,4,1
TX-0024960,CLI-03852,SISTEMA,DEPOSITO_EFECTIVO,11026.96,2026-06-01 04:52:22,0,Sr. Miguel Ángel Valentín,Empresario / Comerciante,4,1
TX-0029798,CLI-04590,SISTEMA,DEPOSITO_EFECTIVO,15495.1,2026-06-01 05:14:22,0,Citlali Rosalia Ojeda Romo,Empresario / Comerciante,4,1
TX-0027366,CLI-04220,SISTEMA,DEPOSITO_EFECTIVO,13125.41,2026-06-01 05:58:22,0,Juana Collado Lugo,Empresario / Comerciante,4,1
TX-0009266,CLI-01424,SISTEMA,DEPOSITO_EFECTIVO,10024.96,2026-06-01 06:38:22,0,Oswaldo Trejo Acuña,Empresario / Comerciante,4,1
TX-0000852,CLI-00130,SISTEMA,DEPOSITO_EFECTIVO,1398.33,2026-06-01 07:25:22,0,Minerva Escobedo Arguello,Empresario / Comerciante,4,1
TX-0008338,CLI-01284,SISTEMA,DEPOSITO_EFECTIVO,14731.51,2026-06-01 09:34:22,0,Bernardo Bernabé Gaitán Marín,Empresario / Comerciante,4,1
TX-0023793,CLI-03677,SISTEMA,DEPOSITO_EFECTIVO,11333.23,2026-06-01 10:32:22,0,Mateo Alonso,Empresario / Comerciante,4,1
TX-0011877,CLI-01829,SISTEMA,DEPOSITO_EFECTIVO,14198.83,2026-06-01 11:50:22,0,Sr. Ignacio Fierro,Empresario / Comerciante,4,1
TX-0015629,CLI-02419,SISTEMA,DEPOSITO_EFECTIVO,42589.61,2026-06-01 12:17:22,0,Mercedes Sandoval Menéndez,Empresario / Comerciante,4,1
TX-0000693,CLI-00107,SISTEMA,DEPOSITO_EFECTIVO,3153.3,2026-06-01 13:40:22,0,Reina Sofía Zavala Ballesteros,Empresario / Comerciante,4,1
TX-0029341,CLI-04516,SISTEMA,DEPOSITO_EFECTIVO,26495.03,2026-06-01 13:46:22,0,Luisa Soledad Salazar de la Fuente,Empresario / Comerciante,4,1
TX-0006310,CLI-00972,SISTEMA,DEPOSITO_EFECTIVO,16685.55,2026-06-01 14:17:22,0,Marco Antonio Isaac Jurado Partida,Empresario / Comerciante,4,1
TX-0006768,CLI-01044,SISTEMA,DEPOSITO_EFECTIVO,10166.24,2026-06-01 14:46:22,0,Dra. Ariadna Badillo,Empresario / Comerciante,4,1
TX-0025928,CLI-03998,SISTEMA,DEPOSITO_EFECTIVO,20852.06,2026-06-01 14:46:22,0,Ing. Rocío Gallardo,Empresario / Comerciante,4,1
TX-0005989,CLI-00921,SISTEMA,DEPOSITO_EFECTIVO,24449.37,2026-06-01 14:49:22,0,Rubén Alfonso Vigil Portillo,Empresario / Comerciante,4,1
TX-0028033,CLI-04316,SISTEMA,DEPOSITO_EFECTIVO,9316.18,2026-06-01 15:48:22,0,Mario Quesada,Profesionista Independiente,4,1
TX-0013821,CLI-02142,SISTEMA,DEPOSITO_EFECTIVO,15339.36,2026-06-01 15:56:22,0,Marisela Judith Sanches,Empresario / Comerciante,4,1
TX-0005671,CLI-00871,SISTEMA,DEPOSITO_EFECTIVO,6156.27,2026-06-01 16:42:22,0,Flavio Concepción,Empresario / Comerciante,4,1
TX-0026686,CLI-04108,SISTEMA,DEPOSITO_EFECTIVO,13918.63,2026-06-01 17:56:22,0,Sra. Marisela Mares,Empresario / Comerciante,4,1
TX-0013817,CLI-02142,SISTEMA,DEPOSITO_EFECTIVO,10764.92,2026-06-01 19:17:22,0,Marisela Judith Sanches,Empresario / Comerciante,4,1
TX-0012108,CLI-01867,SISTEMA,DEPOSITO_EFECTIVO,1720.46,2026-06-01 20:32:22,0,Irene Zedillo,Profesionista Independiente,4,1
TX-0013295,CLI-02057,SISTEMA,DEPOSITO_EFECTIVO,8401.75,2026-06-02 00:31:22,0,Aida Ofelia Guardado Madrid,Empresario / Comerciante,4,1
TX-0004252,CLI-00651,SISTEMA,DEPOSITO_EFECTIVO,26533.76,2026-06-02 01:48:22,0,Nicolás Marco Antonio Vanegas,Empresario / Comerciante,4,1
TX-0016224,CLI-02512,SISTEMA,DEPOSITO_EFECTIVO,35954.87,2026-06-02 05:55:22,0,Blanca Mireles,Empresario / Comerciante,4,1
TX-0026066,CLI-04019,SISTEMA,DEPOSITO_EFECTIVO,26482.31,2026-06-02 07:29:22,0,Gabino Zamora Aguayo,Empresario / Comerciante,4,1
TX-0029661,CLI-04566,SISTEMA,DEPOSITO_EFECTIVO,20413.11,2026-06-02 09:15:22,0,Pablo Fuentes,Empresario / Comerciante,4,1
TX-0010835,CLI-01669,SISTEMA,DEPOSITO_EFECTIVO,23669.22,2026-06-02 10:28:22,0,Eloisa Campos,Empresario / Comerciante,4,1
TX-0008110,CLI-01249,SISTEMA,DEPOSITO_EFECTIVO,32149.25,2026-06-02 10:42:22,0,Olga Esther Carreón,Empresario / Comerciante,4,1
TX-0015769,CLI-02440,SISTEMA,DEPOSITO_EFECTIVO,15263.04,2026-06-02 13:19:22,0,Vicente Montenegro,Empresario / Comerciante,4,1
TX-0015537,CLI-02406,SISTEMA,DEPOSITO_EFECTIVO,13179.39,2026-06-02 13:42:22,0,Rafaél Eugenio Gastélum Villareal,Empresario / Comerciante,4,1
TX-0030664,CLI-04721,SISTEMA,DEPOSITO_EFECTIVO,9667.33,2026-06-02 18:02:22,0,Julio Juan Carlos Navarro del Valle,Empresario / Comerciante,4,1
TX-0015514,CLI-02401,SISTEMA,DEPOSITO_EFECTIVO,26927.5,2026-06-02 18:13:22,0,Ofelia Avilés Palomo,Empresario / Comerciante,4,1
TX-0004202,CLI-00643,SISTEMA,DEPOSITO_EFECTIVO,10407.66,2026-06-02 19:32:22,0,Wilfrido Alvaro Alejandro,Empresario / Comerciante,4,1
TX-0012888,CLI-01993,SISTEMA,DEPOSITO_EFECTIVO,14055.11,2026-06-02 22:12:22,0,Gustavo Benjamín Perea,Empresario / Comerciante,4,1
TX-0002145,CLI-00322,SISTEMA,DEPOSITO_EFECTIVO,4641.24,2026-06-02 22:58:22,0,Rosalia Adriana Partida,Empresario / Comerciante,4,1
TX-0019236,CLI-02980,SISTEMA,DEPOSITO_EFECTIVO,10236.23,2026-06-02 23:06:22,0,Estela Eugenia Uribe Trejo,Empresario / Comerciante,4,1
TX-0017420,CLI-02700,SISTEMA,DEPOSITO_EFECTIVO,19245.42,2026-06-03 00:34:22,0,Luis Manuel Germán Feliciano,Empresario / Comerciante,4,1
TX-0028920,CLI-04452,SISTEMA,DEPOSITO_EFECTIVO,4606.37,2026-06-03 02:19:22,0,María Cristina Verdugo Rico,Empresario / Comerciante,4,1
TX-0027297,CLI-04209,SISTEMA,DEPOSITO_EFECTIVO,34130.36,2026-06-03 03:56:22,0,Luis Manuel Ortega Barreto,Empresario / Comerciante,4,1
TX-0015308,CLI-02373,SISTEMA,DEPOSITO_EFECTIVO,27675.11,2026-06-03 04:02:22,0,Andrea Salas Aparicio,Empresario / Comerciante,4,1
TX-0031290,CLI-04812,SISTEMA,DEPOSITO_EFECTIVO,19453.06,2026-06-03 04:48:22,0,Armando Sanches,Empresario / Comerciante,4,1
TX-0008925,CLI-01371,SISTEMA,DEPOSITO_EFECTIVO,24391.46,2026-06-03 06:15:22,0,Srita. Débora Pacheco,Empresario / Comerciante,4,1
TX-0013370,CLI-02072,SISTEMA,DEPOSITO_EFECTIVO,313.33,2026-06-03 10:59:22,0,Dra. Pamela Maya,Empresario / Comerciante,4,1
TX-0029342,CLI-04516,SISTEMA,DEPOSITO_EFECTIVO,12975.92,2026-06-03 11:05:22,0,Luisa Soledad Salazar de la Fuente,Empresario / Comerciante,4,1
TX-0016698,CLI-02587,SISTEMA,DEPOSITO_EFECTIVO,21554.61,2026-06-03 14:16:22,0,Vicente Madera,Empresario / Comerciante,4,1
TX-0015392,CLI-02385,SISTEMA,DEPOSITO_EFECTIVO,26743.44,2026-06-03 14:29:22,0,Mauro Márquez,Empresario / Comerciante,4,1
TX-0012345,CLI-01905,SISTEMA,DEPOSITO_EFECTIVO,8705.36,2026-06-03 14:48:22,0,Alejandra Ariadna Botello Lucio,Empresario / Comerciante,4,1
TX-0004241,CLI-00649,SISTEMA,DEPOSITO_EFECTIVO,5332.2,2026-06-03 17:24:22,0,Sr. Elias Barraza,Empresario / Comerciante,4,1
TX-0031425,CLI-04834,SISTEMA,DEPOSITO_EFECTIVO,23704.1,2026-06-03 17:59:22,0,Srita. Josefina Ferrer,Empresario / Comerciante,4,1
TX-0001416,CLI-00213,SISTEMA,DEPOSITO_EFECTIVO,3016.48,2026-06-03 18:59:22,0,Hernán Elizondo Cotto,Empresario / Comerciante,4,1
TX-0018786,CLI-02906,SISTEMA,DEPOSITO_EFECTIVO,20034.73,2026-06-03 19:14:22,0,Ilse Sofía Salcedo,Empresario / Comerciante,4,1
TX-0009983,CLI-01533,SISTEMA,DEPOSITO_EFECTIVO,16667.71,2026-06-03 19:23:22,0,René Pedro Porras,Empresario / Comerciante,4,1
TX-0025966,CLI-04003,SISTEMA,DEPOSITO_EFECTIVO,49978.79,2026-06-03 22:06:22,0,Graciela Arredondo Meraz,Empresario / Comerciante,4,1
TX-0007909,CLI-01216,SISTEMA,DEPOSITO_EFECTIVO,5536.25,2026-06-03 22:16:22,0,Manuel Elias Archuleta,Empresario / Comerciante,4,1
TX-0022763,CLI-03518,SISTEMA,DEPOSITO_EFECTIVO,25840.06,2026-06-04 02:00:22,0,Ana María Mónica Cuellar,Empresario / Comerciante,4,1
TX-0010883,CLI-01676,SISTEMA,DEPOSITO_EFECTIVO,4330.3,2026-06-04 02:12:22,0,Espartaco Juan Carlos Rubio,Empresario / Comerciante,4,1
TX-0007214,CLI-01115,SISTEMA,DEPOSITO_EFECTIVO,14973.24,2026-06-04 02:14:22,0,Indira Esmeralda Muñiz Ávalos,Empresario / Comerciante,4,1
TX-0010152,CLI-01560,SISTEMA,DEPOSITO_EFECTIVO,2359.17,2026-06-04 04:28:22,0,Estela Escobar,Empresario / Comerciante,4,1
TX-0004583,CLI-00705,SISTEMA,DEPOSITO_EFECTIVO,5754.7,2026-06-04 06:01:22,0,Estela Cabán Ureña,Empresario / Comerciante,4,1
TX-0029958,CLI-04614,SISTEMA,DEPOSITO_EFECTIVO,15932.62,2026-06-04 06:52:22,0,Felipe Juan Ureña Fuentes,Empresario / Comerciante,4,1
TX-0020240,CLI-03139,SISTEMA,DEPOSITO_EFECTIVO,11738.75,2026-06-04 07:01:22,0,Abraham Bueno,Empresario / Comerciante,4,1
TX-0006746,CLI-01040,SISTEMA,DEPOSITO_EFECTIVO,19048.89,2026-06-04 10:42:22,0,Perla María Eugenia Guevara,Empresario / Comerciante,4,1
TX-0008569,CLI-01316,SISTEMA,DEPOSITO_EFECTIVO,16126.21,2026-06-04 10:47:22,0,Ing. Violeta Toledo,Empresario / Comerciante,4,1
TX-0011831,CLI-01824,SISTEMA,DEPOSITO_EFECTIVO,14816.07,2026-06-04 13:32:22,0,Paulina Montoya,Empresario / Comerciante,4,1
TX-0011881,CLI-01830,SISTEMA,DEPOSITO_EFECTIVO,13464.61,2026-06-04 15:37:22,0,María del Carmen Karla Fernández,Empresario / Comerciante,4,1
TX-0004801,CLI-00742,SISTEMA,DEPOSITO_EFECTIVO,24414.24,2026-06-04 15:43:22,0,Marcela Clara Vera,Empresario / Comerciante,4,1
TX-0013427,CLI-02081,SISTEMA,DEPOSITO_EFECTIVO,33507.07,2026-06-04 16:00:22,0,Alma Esther Marroquín Mena,Empresario / Comerciante,4,1
TX-0027284,CLI-04207,SISTEMA,DEPOSITO_EFECTIVO,15121.55,2026-06-04 16:19:22,0,Dr. José Carlos Polanco,Empresario / Comerciante,4,1
TX-0004774,CLI-00737,SISTEMA,DEPOSITO_EFECTIVO,36443.33,2026-06-04 18:28:22,0,Cristian Daniel Godínez,Empresario / Comerciante,4,1
TX-0018020,CLI-02787,SISTEMA,DEPOSITO_EFECTIVO,16767.05,2026-06-05 03:09:22,0,Espartaco Serrano Pacheco,Empresario / Comerciante,4,1
TX-0025026,CLI-03861,SISTEMA,DEPOSITO_EFECTIVO,2560.41,2026-06-05 04:56:22,0,Darío Sepúlveda Ulloa,Empresario / Comerciante,4,1
TX-0027770,CLI-04278,SISTEMA,DEPOSITO_EFECTIVO,10727.59,2026-06-05 05:26:22,0,Sr. Daniel Armas,Empresario / Comerciante,4,1
TX-0019954,CLI-03094,SISTEMA,DEPOSITO_EFECTIVO,31904.89,2026-06-05 05:42:22,0,Juan Rascón,Empresario / Comerciante,4,1
TX-0024612,CLI-03798,SISTEMA,DEPOSITO_EFECTIVO,13891.44,2026-06-05 09:33:22,0,Serafín Aranda,Empresario / Comerciante,4,1
TX-0012106,CLI-01867,SISTEMA,DEPOSITO_EFECTIVO,12536.03,2026-06-05 10:58:22,0,Irene Zedillo,Profesionista Independiente,4,1
TX-0009358,CLI-01436,SISTEMA,DEPOSITO_EFECTIVO,45558.53,2026-06-05 12:05:22,0,Luis Elias Carrera,Empresario / Comerciante,4,1
TX-0020260,CLI-03143,SISTEMA,DEPOSITO_EFECTIVO,15188.88,2026-06-05 13:21:22,0,Ing. Soledad Merino,Empresario / Comerciante,4,1
TX-0017179,CLI-02662,SISTEMA,DEPOSITO_EFECTIVO,17779.42,2026-06-05 13:45:22,0,Dra. Citlali Mascareñas,Empresario / Comerciante,4,1
TX-0007258,CLI-01121,SISTEMA,DEPOSITO_EFECTIVO,5791.68,2026-06-05 13:50:22,0,Luz Escobar Ruiz,Profesionista Independiente,4,1
TX-0032149,CLI-04939,SISTEMA,DEPOSITO_EFECTIVO,4901.89,2026-06-05 17:45:22,0,Noelia Florencia Bañuelos,Empresario / Comerciante,4,1
TX-0015510,CLI-02401,SISTEMA,DEPOSITO_EFECTIVO,23685.13,2026-06-05 17:52:22,0,Ofelia Avilés Palomo,Empresario / Comerciante,4,1
TX-0027422,CLI-04228,SISTEMA,DEPOSITO_EFECTIVO,16295.31,2026-06-05 18:20:22,0,Rosario Wendolin Valenzuela Mojica,Profesionista Independiente,4,1
TX-0031942,CLI-04909,SISTEMA,DEPOSITO_EFECTIVO,21419.55,2026-06-05 21:54:22,0,Laura Conchita Partida,Empresario / Comerciante,4,1
TX-0024858,CLI-03838,SISTEMA,DEPOSITO_EFECTIVO,5146.73,2026-06-05 22:08:22,0,Mitzy Acevedo Salcedo,Empresario / Comerciante,4,1
TX-0003695,CLI-00558,SISTEMA,DEPOSITO_EFECTIVO,14182.32,2026-06-05 22:28:22,0,Alberto Óliver Vigil,Empresario / Comerciante,4,1
TX-0030069,CLI-04632,SISTEMA,DEPOSITO_EFECTIVO,5152.86,2026-06-05 23:48:22,0,Antonia Madrigal,Empresario / Comerciante,4,1
TX-0002816,CLI-00426,SISTEMA,DEPOSITO_EFECTIVO,17966.79,2026-06-05 23:54:22,0,Hugo Perales,Empresario / Comerciante,4,1
TX-0029659,CLI-04566,SISTEMA,DEPOSITO_EFECTIVO,790.16,2026-06-06 00:45:22,0,Pablo Fuentes,Empresario / Comerciante,4,1
TX-0014574,CLI-02259,SISTEMA,DEPOSITO_EFECTIVO,3388.07,2026-06-06 02:18:22,0,Ing. Julia Patiño,Profesionista Independiente,4,1
TX-0022850,CLI-03532,SISTEMA,DEPOSITO_EFECTIVO,12405.7,2026-06-06 02:43:22,0,Karina Francisca Burgos,Profesionista Independiente,4,1
TX-0008610,CLI-01322,SISTEMA,DEPOSITO_EFECTIVO,12978.34,2026-06-06 03:40:22,0,Sofía Leticia Alfaro Terrazas,Empresario / Comerciante,4,1
TX-0005234,CLI-00806,SISTEMA,DEPOSITO_EFECTIVO,33926.13,2026-06-06 08:58:22,0,Oswaldo Homero Ceballos,Empresario / Comerciante,4,1
TX-0010157,CLI-01560,SISTEMA,DEPOSITO_EFECTIVO,33640.56,2026-06-06 09:11:22,0,Estela Escobar,Empresario / Comerciante,4,1
TX-0020850,CLI-03229,SISTEMA,DEPOSITO_EFECTIVO,468.01,2026-06-06 09:27:22,0,Isabel Merino Pulido,Empresario / Comerciante,4,1
TX-0004920,CLI-00761,SISTEMA,DEPOSITO_EFECTIVO,34603.82,2026-06-06 13:09:22,0,Lic. Ofelia Vanegas,Empresario / Comerciante,4,1
TX-0027457,CLI-04233,SISTEMA,DEPOSITO_EFECTIVO,15155.66,2026-06-06 13:35:22,0,Leonel Naranjo,Empresario / Comerciante,4,1
TX-0006335,CLI-00976,SISTEMA,DEPOSITO_EFECTIVO,33714.54,2026-06-06 15:00:22,0,Eugenio Linares Gutiérrez,Empresario / Comerciante,4,1
TX-0026362,CLI-04061,SISTEMA,DEPOSITO_EFECTIVO,17378.72,2026-06-06 19:12:22,0,Hugo Viera,Empresario / Comerciante,4,1
TX-0030839,CLI-04747,SISTEMA,DEPOSITO_EFECTIVO,41036.09,2026-06-06 20:00:22,0,Sr. Iván León,Empresario / Comerciante,4,1
TX-0031870,CLI-04898,SISTEMA,DEPOSITO_EFECTIVO,14011.34,2026-06-06 21:27:22,0,Aurora Sessa Alemán,Empresario / Comerciante,4,1
TX-0009470,CLI-01457,SISTEMA,DEPOSITO_EFECTIVO,16531.63,2026-06-07 00:02:22,0,Teodoro Iván Quesada,Empresario / Comerciante,4,1
TX-0009267,CLI-01424,SISTEMA,DEPOSITO_EFECTIVO,6063.68,2026-06-07 00:08:22,0,Oswaldo Trejo Acuña,Empresario / Comerciante,4,1
TX-0002257,CLI-00341,SISTEMA,DEPOSITO_EFECTIVO,20997.97,2026-06-07 00:46:22,0,Alvaro Marcos Ramos,Empresario / Comerciante,4,1
TX-0014869,CLI-02307,SISTEMA,DEPOSITO_EFECTIVO,24708.02,2026-06-07 01:07:22,0,Araceli Soliz Merino,Empresario / Comerciante,4,1
TX-0024341,CLI-03756,SISTEMA,DEPOSITO_EFECTIVO,31998.05,2026-06-07 03:48:22,0,Daniela Ornelas Ontiveros,Empresario / Comerciante,4,1
TX-0028718,CLI-04421,SISTEMA,DEPOSITO_EFECTIVO,16487.97,2026-06-07 09:39:22,0,Gabriela Elisa de la O,Empresario / Comerciante,4,1
TX-0032143,CLI-04939,SISTEMA,DEPOSITO_EFECTIVO,2234.93,2026-06-07 10:38:22,0,Noelia Florencia Bañuelos,Empresario / Comerciante,4,1
TX-0009290,CLI-01427,SISTEMA,DEPOSITO_EFECTIVO,5327.3,2026-06-07 10:42:22,0,Martín Luis Manuel Hernádez Vanegas,Empresario / Comerciante,4,1
TX-0016360,CLI-02534,SISTEMA,DEPOSITO_EFECTIVO,20796.39,2026-06-07 14:20:22,0,Araceli Micaela Bernal,Empresario / Comerciante,4,1
TX-0024963,CLI-03852,SISTEMA,DEPOSITO_EFECTIVO,14966.78,2026-06-07 14:37:22,0,Sr. Miguel Ángel Valentín,Empresario / Comerciante,4,1
TX-0002809,CLI-00426,SISTEMA,DEPOSITO_EFECTIVO,3527.89,2026-06-07 15:23:22,0,Hugo Perales,Empresario / Comerciante,4,1
TX-0005261,CLI-00811,SISTEMA,DEPOSITO_EFECTIVO,32758.45,2026-06-07 15:58:22,0,Rodrigo Cornejo,Empresario / Comerciante,4,1
TX-0013372,CLI-02072,SISTEMA,DEPOSITO_EFECTIVO,5734.44,2026-06-07 16:08:22,0,Dra. Pamela Maya,Empresario / Comerciante,4,1
TX-0027499,CLI-04239,SISTEMA,DEPOSITO_EFECTIVO,5971.05,2026-06-07 17:52:22,0,Wilfrido Nicolás Ornelas Rolón,Empresario / Comerciante,4,1
TX-0019887,CLI-03083,SISTEMA,DEPOSITO_EFECTIVO,3846.73,2026-06-07 18:33:22,0,Alvaro Octavio Quesada Valdez,Empresario / Comerciante,4,1
TX-0023820,CLI-03681,SISTEMA,DEPOSITO_EFECTIVO,8491.11,2026-06-07 18:53:22,0,Gloria Muñoz Alba,Empresario / Comerciante,4,1
TX-0000201,CLI-00030,SISTEMA,DEPOSITO_EFECTIVO,3934.44,2026-06-07 20:06:22,0,Fabiola Graciela Ramón Mares,Empresario / Comerciante,4,1
TX-0005162,CLI-00796,SISTEMA,DEPOSITO_EFECTIVO,12311.99,2026-06-08 02:15:22,0,María Luisa Amelia Zambrano,Empresario / Comerciante,4,1
TX-0019097,CLI-02955,SISTEMA,DEPOSITO_EFECTIVO,11986.31,2026-06-08 04:15:22,0,Cecilia Florencia Montes,Empresario / Comerciante,4,1
TX-0026068,CLI-04019,SISTEMA,DEPOSITO_EFECTIVO,23242.62,2026-06-08 04:33:22,0,Gabino Zamora Aguayo,Empresario / Comerciante,4,1
TX-0009878,CLI-01515,SISTEMA,DEPOSITO_EFECTIVO,1596.75,2026-06-08 04:35:22,0,Natalia Yuridia Zedillo Barreto,Empresario / Comerciante,4,1
TX-0014105,CLI-02183,SISTEMA,DEPOSITO_EFECTIVO,22139.81,2026-06-08 06:58:22,0,Inés Bañuelos Zavala,Empresario / Comerciante,4,1
TX-0026522,CLI-04083,SISTEMA,DEPOSITO_EFECTIVO,33080.23,2026-06-08 11:38:22,0,Sr. Humberto Carmona,Empresario / Comerciante,4,1
TX-0000389,CLI-00059,SISTEMA,DEPOSITO_EFECTIVO,15453.59,2026-06-08 12:04:22,0,Leonor Helena Báez Valencia,Empresario / Comerciante,4,1
TX-0027622,CLI-04256,SISTEMA,DEPOSITO_EFECTIVO,18936.88,2026-06-08 12:06:22,0,Ana Leiva Mesa,Empresario / Comerciante,4,1
TX-0005672,CLI-00871,SISTEMA,DEPOSITO_EFECTIVO,9011.9,2026-06-08 12:50:22,0,Flavio Concepción,Empresario / Comerciante,4,1
TX-0006541,CLI-01008,SISTEMA,DEPOSITO_EFECTIVO,9727.75,2026-06-08 14:37:22,0,Alfonso Saldaña,Empresario / Comerciante,4,1
TX-0026493,CLI-04078,SISTEMA,DEPOSITO_EFECTIVO,20267.83,2026-06-08 14:54:22,0,Abel Villarreal Zarate,Empresario / Comerciante,4,1
TX-0010595,CLI-01629,SISTEMA,DEPOSITO_EFECTIVO,24639.41,2026-06-08 16:39:22,0,Magdalena Mercedes Escobar,Empresario / Comerciante,4,1
TX-0020465,CLI-03171,SISTEMA,DEPOSITO_EFECTIVO,23832.38,2026-06-08 17:35:22,0,Verónica Ponce Hinojosa,Empresario / Comerciante,4,1
TX-0017836,CLI-02761,SISTEMA,DEPOSITO_EFECTIVO,2134.93,2026-06-08 17:48:22,0,Silvia Estrada Esquivel,Empresario / Comerciante,4,1
TX-0031507,CLI-04847,SISTEMA,DEPOSITO_EFECTIVO,16109.5,2026-06-08 18:04:22,0,Santiago Miguel Ángel Dávila,Empresario / Comerciante,4,1
TX-0008151,CLI-01255,SISTEMA,DEPOSITO_EFECTIVO,23172.03,2026-06-08 18:23:22,0,Dolores Karla Pacheco Ballesteros,Empresario / Comerciante,4,1
TX-0020686,CLI-03203,SISTEMA,DEPOSITO_EFECTIVO,12672.28,2026-06-08 19:04:22,0,Pascual Quintana Noriega,Empresario / Comerciante,4,1
TX-0014806,CLI-02299,SISTEMA,DEPOSITO_EFECTIVO,22903.05,2026-06-08 21:23:22,0,Cornelio Evelio de la Torre González,Empresario / Comerciante,4,1
TX-0008680,CLI-01332,SISTEMA,DEPOSITO_EFECTIVO,20281.09,2026-06-08 21:25:22,0,Alvaro Almonte Benítez,Empresario / Comerciante,4,1
TX-0024600,CLI-03796,SISTEMA,DEPOSITO_EFECTIVO,4997.52,2026-06-08 23:17:22,0,Carlota Trujillo Ulloa,Empresario / Comerciante,4,1
TX-0021978,CLI-03395,SISTEMA,DEPOSITO_EFECTIVO,4821.55,2026-06-08 23:22:22,0,Eduardo Samuel Orozco,Empresario / Comerciante,4,1
TX-0028027,CLI-04316,SISTEMA,DEPOSITO_EFECTIVO,4282.32,2026-06-09 00:39:22,0,Mario Quesada,Profesionista Independiente,4,1
TX-0011607,CLI-01789,SISTEMA,DEPOSITO_EFECTIVO,30762.27,2026-06-09 00:42:22,0,Arcelia Elvia Valdés,Empresario / Comerciante,4,1
TX-0023061,CLI-03563,SISTEMA,DEPOSITO_EFECTIVO,20904.47,2026-06-09 04:36:22,0,Reynaldo Claudio Montero Vargas,Empresario / Comerciante,4,1
TX-0006749,CLI-01040,SISTEMA,DEPOSITO_EFECTIVO,1477.0,2026-06-09 09:02:22,0,Perla María Eugenia Guevara,Empresario / Comerciante,4,1
TX-0005667,CLI-00871,SISTEMA,DEPOSITO_EFECTIVO,15306.34,2026-06-09 09:09:22,0,Flavio Concepción,Empresario / Comerciante,4,1
TX-0023461,CLI-03625,SISTEMA,DEPOSITO_EFECTIVO,9777.25,2026-06-09 14:07:22,0,Lucía Ofelia Feliciano Baca,Empresario / Comerciante,4,1
TX-0017841,CLI-02761,SISTEMA,DEPOSITO_EFECTIVO,30060.67,2026-06-09 15:04:22,0,Silvia Estrada Esquivel,Empresario / Comerciante,4,1
TX-0004477,CLI-00684,SISTEMA,DEPOSITO_EFECTIVO,22632.6,2026-06-09 18:25:22,0,Esparta Munguía,Empresario / Comerciante,4,1
TX-0011759,CLI-01814,SISTEMA,DEPOSITO_EFECTIVO,25726.75,2026-06-09 19:48:22,0,Abril Gurule,Empresario / Comerciante,4,1
TX-0029852,CLI-04599,SISTEMA,DEPOSITO_EFECTIVO,4310.24,2026-06-09 20:12:22,0,Srita. Arcelia Barrientos,Empresario / Comerciante,4,1
TX-0019125,CLI-02960,SISTEMA,DEPOSITO_EFECTIVO,2600.95,2026-06-09 21:04:22,0,Julio Viera,Empresario / Comerciante,4,1
TX-0010074,CLI-01547,SISTEMA,DEPOSITO_EFECTIVO,11411.91,2026-06-09 21:47:22,0,Ángel Alcaraz Valdés,Profesionista Independiente,4,1
TX-0014565,CLI-02259,SISTEMA,DEPOSITO_EFECTIVO,10414.03,2026-06-09 22:03:22,0,Ing. Julia Patiño,Profesionista Independiente,4,1
TX-0019124,CLI-02960,SISTEMA,DEPOSITO_EFECTIVO,1498.27,2026-06-09 22:41:22,0,Julio Viera,Empresario / Comerciante,4,1
TX-0030175,CLI-04649,SISTEMA,DEPOSITO_EFECTIVO,12774.21,2026-06-09 22:49:22,0,Manuel Esquivel Laboy,Empresario / Comerciante,4,1
TX-0002347,CLI-00356,SISTEMA,DEPOSITO_EFECTIVO,12959.47,2026-06-10 01:23:22,0,María Eugenia Mitzy Samaniego,Empresario / Comerciante,4,1
TX-0026425,CLI-04070,SISTEMA,DEPOSITO_EFECTIVO,32982.24,2026-06-10 03:31:22,0,Cecilia Débora Cepeda Lucio,Empresario / Comerciante,4,1
TX-0024805,CLI-03831,SISTEMA,DEPOSITO_EFECTIVO,26658.14,2026-06-10 04:18:22,0,Sr. Leonardo Pedroza,Empresario / Comerciante,4,1
TX-0024006,CLI-03707,SISTEMA,DEPOSITO_EFECTIVO,15789.35,2026-06-10 05:06:22,0,Sandra Eloisa García,Empresario / Comerciante,4,1
TX-0005106,CLI-00788,SISTEMA,DEPOSITO_EFECTIVO,20944.44,2026-06-10 05:12:22,0,Hermelinda Georgina Ramos Galindo,Empresario / Comerciante,4,1
TX-0030880,CLI-04754,SISTEMA,DEPOSITO_EFECTIVO,20925.43,2026-06-10 06:53:22,0,Ricardo Solorio,Empresario / Comerciante,4,1
TX-0029196,CLI-04495,SISTEMA,DEPOSITO_EFECTIVO,19963.18,2026-06-10 10:16:22,0,Esther Pulido Hernandes,Empresario / Comerciante,4,1
TX-0001505,CLI-00226,SISTEMA,DEPOSITO_EFECTIVO,22472.99,2026-06-10 10:34:22,0,Eloy Ricardo Vega Soto,Empresario / Comerciante,4,1
TX-0010888,CLI-01676,SISTEMA,DEPOSITO_EFECTIVO,20967.32,2026-06-10 11:41:22,0,Espartaco Juan Carlos Rubio,Empresario / Comerciante,4,1
TX-0007249,CLI-01120,SISTEMA,DEPOSITO_EFECTIVO,17007.6,2026-06-10 12:02:22,0,Ignacio Rivero,Empresario / Comerciante,4,1
TX-0015541,CLI-02406,SISTEMA,DEPOSITO_EFECTIVO,4474.51,2026-06-10 12:24:22,0,Rafaél Eugenio Gastélum Villareal,Empresario / Comerciante,4,1
TX-0026840,CLI-04134,SISTEMA,DEPOSITO_EFECTIVO,15089.97,2026-06-10 15:23:22,0,Fabiola Nieves Bermúdez,Empresario / Comerciante,4,1
TX-0010889,CLI-01676,SISTEMA,DEPOSITO_EFECTIVO,722.75,2026-06-10 17:03:22,0,Espartaco Juan Carlos Rubio,Empresario / Comerciante,4,1
TX-0032072,CLI-04929,SISTEMA,DEPOSITO_EFECTIVO,35293.56,2026-06-10 17:06:22,0,Cecilia Mora Burgos,Empresario / Comerciante,4,1
TX-0000126,CLI-00018,SISTEMA,DEPOSITO_EFECTIVO,11406.57,2026-06-10 19:52:22,0,Gerardo Jos Valle,Empresario / Comerciante,4,1
TX-0023804,CLI-03679,SISTEMA,DEPOSITO_EFECTIVO,10645.01,2026-06-10 20:21:22,0,Serafín Raúl Loera,Empresario / Comerciante,4,1
TX-0003898,CLI-00594,SISTEMA,DEPOSITO_EFECTIVO,16055.51,2026-06-10 21:57:22,0,Noelia Páez,Empresario / Comerciante,4,1
TX-0005845,CLI-00897,SISTEMA,DEPOSITO_EFECTIVO,24127.96,2026-06-10 23:08:22,0,Gabino Menéndez,Empresario / Comerciante,4,1
TX-0029674,CLI-04568,SISTEMA,DEPOSITO_EFECTIVO,30231.7,2026-06-10 23:59:22,0,Judith Toro Correa,Empresario / Comerciante,4,1
TX-0029664,CLI-04566,SISTEMA,DEPOSITO_EFECTIVO,13954.68,2026-06-11 01:05:22,0,Pablo Fuentes,Empresario / Comerciante,4,1
TX-0031664,CLI-04869,SISTEMA,DEPOSITO_EFECTIVO,11403.1,2026-06-11 01:20:22,0,Bruno Caraballo Naranjo,Empresario / Comerciante,4,1
TX-0001953,CLI-00294,SISTEMA,DEPOSITO_EFECTIVO,35715.71,2026-06-11 03:34:22,0,Diana Solorzano,Empresario / Comerciante,4,1
TX-0004197,CLI-00643,SISTEMA,DEPOSITO_EFECTIVO,14078.57,2026-06-11 04:30:22,0,Wilfrido Alvaro Alejandro,Empresario / Comerciante,4,1
TX-0017952,CLI-02776,SISTEMA,DEPOSITO_EFECTIVO,9947.59,2026-06-11 04:45:22,0,Ramón Sáenz,Empresario / Comerciante,4,1
TX-0016899,CLI-02617,SISTEMA,DEPOSITO_EFECTIVO,26178.87,2026-06-11 07:27:22,0,Jonás Rodarte Gamboa,Empresario / Comerciante,4,1
TX-0015767,CLI-02440,SISTEMA,DEPOSITO_EFECTIVO,14970.85,2026-06-11 08:58:22,0,Vicente Montenegro,Empresario / Comerciante,4,1
TX-0002810,CLI-00426,SISTEMA,DEPOSITO_EFECTIVO,7389.61,2026-06-11 10:30:22,0,Hugo Perales,Empresario / Comerciante,4,1
TX-0016840,CLI-02609,SISTEMA,DEPOSITO_EFECTIVO,30885.61,2026-06-11 10:48:22,0,Ing. Carla Abrego,Empresario / Comerciante,4,1
TX-0016359,CLI-02534,SISTEMA,DEPOSITO_EFECTIVO,4707.76,2026-06-11 12:26:22,0,Araceli Micaela Bernal,Empresario / Comerciante,4,1
TX-0018476,CLI-02858,SISTEMA,DEPOSITO_EFECTIVO,13610.71,2026-06-11 13:37:22,0,Sonia Leal Muñiz,Profesionista Independiente,4,1
TX-0016643,CLI-02577,SISTEMA,DEPOSITO_EFECTIVO,15656.4,2026-06-11 14:40:22,0,Gregorio Ledesma Nava,Empresario / Comerciante,4,1
TX-0012217,CLI-01885,SISTEMA,DEPOSITO_EFECTIVO,46919.28,2026-06-11 15:07:22,0,Bernardo Hernán Escamilla Camacho,Empresario / Comerciante,4,1
TX-0006583,CLI-01016,SISTEMA,DEPOSITO_EFECTIVO,18843.36,2026-06-11 16:30:22,0,Dr. Isaac Avilés,Empresario / Comerciante,4,1
TX-0005986,CLI-00921,SISTEMA,DEPOSITO_EFECTIVO,8769.51,2026-06-11 16:54:22,0,Rubén Alfonso Vigil Portillo,Empresario / Comerciante,4,1
TX-0024005,CLI-03707,SISTEMA,DEPOSITO_EFECTIVO,19971.79,2026-06-11 16:55:22,0,Sandra Eloisa García,Empresario / Comerciante,4,1
TX-0027375,CLI-04220,SISTEMA,DEPOSITO_EFECTIVO,18313.84,2026-06-11 17:29:22,0,Juana Collado Lugo,Empresario / Comerciante,4,1
TX-0003558,CLI-00538,SISTEMA,DEPOSITO_EFECTIVO,8905.81,2026-06-11 17:36:22,0,Yeni Rosa Aguilar Hidalgo,Empresario / Comerciante,4,1
TX-0001971,CLI-00296,SISTEMA,DEPOSITO_EFECTIVO,50412.52,2026-06-11 20:21:22,0,Ilse Girón Cavazos,Empresario / Comerciante,4,1
TX-0031862,CLI-04897,SISTEMA,DEPOSITO_EFECTIVO,18846.28,2026-06-11 21:22:22,0,Elvira Guzmán Pedroza,Empresario / Comerciante,4,1
TX-0018904,CLI-02922,SISTEMA,DEPOSITO_EFECTIVO,27425.3,2026-06-11 21:40:22,0,Martín Daniel Macías Hurtado,Empresario / Comerciante,4,1
TX-0022224,CLI-03437,SISTEMA,DEPOSITO_EFECTIVO,30993.78,2026-06-11 22:49:22,0,Elias Ricardo Sanches,Empresario / Comerciante,4,1
TX-0019507,CLI-03024,SISTEMA,DEPOSITO_EFECTIVO,3299.2,2026-06-11 22:58:22,0,Abel Guillermo Cabrera Vigil,Empresario / Comerciante,4,1
TX-0029193,CLI-04495,SISTEMA,DEPOSITO_EFECTIVO,4318.26,2026-06-12 02:23:22,0,Esther Pulido Hernandes,Empresario / Comerciante,4,1
TX-0020878,CLI-03233,SISTEMA,DEPOSITO_EFECTIVO,11171.34,2026-06-12 02:46:22,0,Trinidad Luna Angulo,Empresario / Comerciante,4,1
TX-0031272,CLI-04810,SISTEMA,DEPOSITO_EFECTIVO,39405.13,2026-06-12 03:14:22,0,Uriel Ruelas,Empresario / Comerciante,4,1
TX-0025844,CLI-03986,SISTEMA,DEPOSITO_EFECTIVO,18545.26,2026-06-12 06:18:22,0,Noelia Micaela Rosario,Empresario / Comerciante,4,1
TX-0031421,CLI-04833,SISTEMA,DEPOSITO_EFECTIVO,23549.59,2026-06-12 08:29:22,0,Cynthia Ana Casanova,Empresario / Comerciante,4,1
TX-0007663,CLI-01178,SISTEMA,DEPOSITO_EFECTIVO,13458.58,2026-06-12 11:09:22,0,Sessa Marisol Sevilla Alcántar,Empresario / Comerciante,4,1
TX-0018506,CLI-02863,SISTEMA,DEPOSITO_EFECTIVO,16346.05,2026-06-12 11:36:22,0,René Salgado Amaya,Empresario / Comerciante,4,1
TX-0013478,CLI-02089,SISTEMA,DEPOSITO_EFECTIVO,17847.63,2026-06-12 12:42:22,0,Daniela Susana Quiroz,Empresario / Comerciante,4,1
TX-0016330,CLI-02527,SISTEMA,DEPOSITO_EFECTIVO,51813.96,2026-06-12 14:13:22,0,Sra. Claudia Nieves,Empresario / Comerciante,4,1
TX-0026955,CLI-04154,SISTEMA,DEPOSITO_EFECTIVO,5322.65,2026-06-12 14:53:22,0,Esteban Mariano Díaz,Empresario / Comerciante,4,1
TX-0024313,CLI-03753,SISTEMA,DEPOSITO_EFECTIVO,5402.13,2026-06-12 15:45:22,0,Verónica Georgina Escobedo,Empresario / Comerciante,4,1
TX-0006446,CLI-00993,SISTEMA,DEPOSITO_EFECTIVO,8015.98,2026-06-12 16:56:22,0,Elvia Espinal Iglesias,Empresario / Comerciante,4,1
TX-0020120,CLI-03119,SISTEMA,DEPOSITO_EFECTIVO,37600.59,2026-06-12 17:16:22,0,Lic. Camila Alarcón,Empresario / Comerciante,4,1
TX-0020858,CLI-03229,SISTEMA,DEPOSITO_EFECTIVO,30831.64,2026-06-12 18:57:22,0,Isabel Merino Pulido,Empresario / Comerciante,4,1
TX-0013819,CLI-02142,SISTEMA,DEPOSITO_EFECTIVO,16743.08,2026-06-12 20:54:22,0,Marisela Judith Sanches,Empresario / Comerciante,4,1
TX-0014571,CLI-02259,SISTEMA,DEPOSITO_EFECTIVO,15958.36,2026-06-12 20:54:22,0,Ing. Julia Patiño,Profesionista Independiente,4,1
TX-0001934,CLI-00289,SISTEMA,DEPOSITO_EFECTIVO,24011.88,2026-06-12 23:00:22,0,Yolanda Nelly Escalante,Empresario / Comerciante,4,1
TX-0020572,CLI-03188,SISTEMA,DEPOSITO_EFECTIVO,18983.51,2026-06-13 00:51:22,0,Bernardo Arriaga Sáenz,Empresario / Comerciante,4,1
TX-0019967,CLI-03096,SISTEMA,DEPOSITO_EFECTIVO,30493.97,2026-06-13 01:18:22,0,Srita. Abril Peres,Empresario / Comerciante,4,1
TX-0007259,CLI-01121,SISTEMA,DEPOSITO_EFECTIVO,14137.41,2026-06-13 01:44:22,0,Luz Escobar Ruiz,Profesionista Independiente,4,1
TX-0009585,CLI-01474,SISTEMA,DEPOSITO_EFECTIVO,17174.2,2026-06-13 01:45:22,0,Ana Luisa Loera Valverde,Empresario / Comerciante,4,1
TX-0006899,CLI-01064,SISTEMA,DEPOSITO_EFECTIVO,10862.04,2026-06-13 04:07:22,0,Reynaldo Orozco,Empresario / Comerciante,4,1
TX-0004083,CLI-00625,SISTEMA,DEPOSITO_EFECTIVO,8615.14,2026-06-13 04:36:22,0,Mayte Nancy Estrada,Empresario / Comerciante,4,1
TX-0030007,CLI-04623,SISTEMA,DEPOSITO_EFECTIVO,36727.01,2026-06-13 05:21:22,0,Jaqueline Olivia Madrigal,Empresario / Comerciante,4,1
TX-0028713,CLI-04420,SISTEMA,DEPOSITO_EFECTIVO,5855.61,2026-06-13 05:30:22,0,Leonor Susana Ríos Casares,Empresario / Comerciante,4,1
TX-0015248,CLI-02361,SISTEMA,DEPOSITO_EFECTIVO,23855.24,2026-06-13 05:32:22,0,Alberto Dueñas,Empresario / Comerciante,4,1
TX-0008114,CLI-01249,SISTEMA,DEPOSITO_EFECTIVO,462.29,2026-06-13 07:12:22,0,Olga Esther Carreón,Empresario / Comerciante,4,1
TX-0020879,CLI-03233,SISTEMA,DEPOSITO_EFECTIVO,14232.71,2026-06-13 07:49:22,0,Trinidad Luna Angulo,Empresario / Comerciante,4,1
TX-0015667,CLI-02425,SISTEMA,DEPOSITO_EFECTIVO,3067.17,2026-06-13 08:30:22,0,Ana Velasco,Empresario / Comerciante,4,1
TX-0028716,CLI-04421,SISTEMA,DEPOSITO_EFECTIVO,797.14,2026-06-13 08:43:22,0,Gabriela Elisa de la O,Empresario / Comerciante,4,1
TX-0011935,CLI-01840,SISTEMA,DEPOSITO_EFECTIVO,16848.93,2026-06-13 09:11:22,0,Dra. Bianca Peña,Empresario / Comerciante,4,1
